cyclone_id,cyclone_name,timestamp_utc,latitude,longitude,central_pressure_hpa,max_sustained_wind_kt,pressure_drop_hpa,ci_number,grade
AMPHAN_2020,AMPHAN,2020-05-16 00:00:00,10.4,87.0,1000,25,3,1.5,D
AMPHAN_2020,AMPHAN,2020-05-16 03:00:00,10.7,86.5,1000,25,3,1.5,D
AMPHAN_2020,AMPHAN,2020-05-16 06:00:00,10.9,86.3,1000,25,3,1.5,D
AMPHAN_2020,AMPHAN,2020-05-16 12:00:00,10.9,86.3,996,35,7,2.5,CS
AMPHAN_2020,AMPHAN,2020-05-16 15:00:00,11.0,86.2,995,40,8,2.5,CS
AMPHAN_2020,AMPHAN,2020-05-16 18:00:00,11.1,86.1,995,40,8,2.5,CS
AMPHAN_2020,AMPHAN,2020-05-16 21:00:00,11.3,86.1,994,45,10,3.0,CS
AMPHAN_2020,AMPHAN,2020-05-17 00:00:00,11.4,86.0,992,45,10,3.0,CS
AMPHAN_2020,AMPHAN,2020-05-17 03:00:00,11.4,86.0,990,50,12,3.0,SCS
AMPHAN_2020,AMPHAN,2020-05-17 06:00:00,11.5,86.0,988,55,15,3.5,SCS
AMPHAN_2020,AMPHAN,2020-05-17 09:00:00,11.7,86.0,980,65,22,4.0,VSCS
AMPHAN_2020,AMPHAN,2020-05-17 12:00:00,12.0,86.0,978,70,25,4.0,VSCS
AMPHAN_2020,AMPHAN,2020-05-17 15:00:00,12.8,86.2,978,70,25,4.0,VSCS
AMPHAN_2020,AMPHAN,2020-05-17 18:00:00,12.5,86.1,970,80,32,4.5,VSCS
AMPHAN_2020,AMPHAN,2020-05-17 21:00:00,12.9,86.4,962,90,40,5.0,ESCS
AMPHAN_2020,AMPHAN,2020-05-18 00:00:00,13.2,86.3,952,100,50,5.5,ESCS
AMPHAN_2020,AMPHAN,2020-05-18 03:00:00,13.3,86.2,936,115,66,6.0,ESCS
AMPHAN_2020,AMPHAN,2020-05-18 06:00:00,13.4,86.2,930,120,72,6.5,SuCS
AMPHAN_2020,AMPHAN,2020-05-18 09:00:00,13.7,86.2,930,120,72,6.5,SuCS
AMPHAN_2020,AMPHAN,2020-05-18 12:00:00,14.0,86.3,926,125,76,6.5,SuCS
AMPHAN_2020,AMPHAN,2020-05-18 15:00:00,14.5,86.4,926,125,76,6.5,SuCS
AMPHAN_2020,AMPHAN,2020-05-18 18:00:00,14.9,86.5,920,130,84,6.5,SuCS
AMPHAN_2020,AMPHAN,2020-05-18 21:00:00,15.2,86.6,920,130,84,6.5,SuCS
AMPHAN_2020,AMPHAN,2020-05-19 00:00:00,15.6,86.7,926,125,76,6.5,SuCS
AMPHAN_2020,AMPHAN,2020-05-19 03:00:00,16.0,86.8,930,120,72,6.0,SuCS
AMPHAN_2020,AMPHAN,2020-05-19 06:00:00,16.5,86.9,936,115,66,6.0,ESCS
AMPHAN_2020,AMPHAN,2020-05-19 09:00:00,17.0,86.9,942,110,60,6.0,ESCS
AMPHAN_2020,AMPHAN,2020-05-19 12:00:00,17.4,87.0,946,105,56,5.5,ESCS
AMPHAN_2020,AMPHAN,2020-05-19 15:00:00,18.1,87.1,950,100,50,5.5,ESCS
AMPHAN_2020,AMPHAN,2020-05-19 18:00:00,18.4,87.2,950,100,50,5.5,ESCS
AMPHAN_2020,AMPHAN,2020-05-19 21:00:00,18.7,87.2,950,100,50,5.5,ESCS
AMPHAN_2020,AMPHAN,2020-05-20 00:00:00,19.1,87.5,954,95,46,5.0,ESCS
AMPHAN_2020,AMPHAN,2020-05-20 03:00:00,19.8,87.7,958,90,40,5.0,ESCS
AMPHAN_2020,AMPHAN,2020-05-20 06:00:00,20.6,88.0,960,90,40,5.0,ESCS
AMPHAN_2020,AMPHAN,2020-05-20 09:00:00,21.4,88.1,960,90,40,5.0,ESCS
AMPHAN_2020,AMPHAN,2020-05-20 12:00:00,21.9,88.4,968,80,32,,VSCS
AMPHAN_2020,AMPHAN,2020-05-20 15:00:00,22.7,88.6,978,65,32,,VSCS
AMPHAN_2020,AMPHAN,2020-05-20 18:00:00,23.3,89.0,984,50,14,,SCS
AMPHAN_2020,AMPHAN,2020-05-20 21:00:00,24.2,89.0,986,45,12,,CS
AMPHAN_2020,AMPHAN,2020-05-21 00:00:00,24.2,89.3,988,40,10,,CS
AMPHAN_2020,AMPHAN,2020-05-21 03:00:00,24.7,89.5,990,35,8,,CS
AMPHAN_2020,AMPHAN,2020-05-21 06:00:00,25.0,89.6,992,30,6,,DD
AMPHAN_2020,AMPHAN,2020-05-21 12:00:00,25.4,89.6,995,20,4,,D
FANI_2019,FANI,2019-04-26 03:00:00,2.7,89.7,998,25,4,1.5,D
FANI_2019,FANI,2019-04-26 06:00:00,3.0,89.4,998,25,4,1.5,D
FANI_2019,FANI,2019-04-26 18:00:00,3.7,88.8,998,25,4,1.5,D
FANI_2019,FANI,2019-04-27 00:00:00,4.5,88.8,997,30,5,2.0,DD
FANI_2019,FANI,2019-04-27 03:00:00,4.9,88.7,996,30,6,2.0,DD
FANI_2019,FANI,2019-04-27 06:00:00,5.2,88.6,995,35,7,2.5,CS
FANI_2019,FANI,2019-04-27 09:00:00,5.4,88.5,994,40,8,2.5,CS
FANI_2019,FANI,2019-04-27 12:00:00,5.9,88.5,992,45,10,3.0,CS
FANI_2019,FANI,2019-04-27 15:00:00,6.3,88.5,992,45,10,3.0,CS
FANI_2019,FANI,2019-04-27 18:00:00,6.6,88.2,992,45,10,3.0,CS
FANI_2019,FANI,2019-04-27 21:00:00,6.9,87.9,992,45,10,3.0,CS
FANI_2019,FANI,2019-04-28 00:00:00,7.3,87.9,992,45,10,3.0,CS
FANI_2019,FANI,2019-04-28 03:00:00,7.3,87.9,992,45,10,3.0,CS
FANI_2019,FANI,2019-04-28 06:00:00,7.4,87.8,992,45,10,3.0,CS
FANI_2019,FANI,2019-04-28 09:00:00,7.7,87.5,992,45,10,3.0,CS
FANI_2019,FANI,2019-04-28 12:00:00,8.2,87.0,992,45,10,3.0,CS
FANI_2019,FANI,2019-04-28 15:00:00,8.3,86.9,992,45,10,3.0,CS
FANI_2019,FANI,2019-04-28 18:00:00,8.4,86.9,992,45,10,3.0,CS
FANI_2019,FANI,2019-04-28 21:00:00,8.5,86.9,992,45,10,3.0,CS
FANI_2019,FANI,2019-04-29 00:00:00,8.6,86.9,992,45,10,3.0,CS
FANI_2019,FANI,2019-04-29 03:00:00,8.7,86.9,992,45,10,3.0,CS
FANI_2019,FANI,2019-04-29 06:00:00,9.2,86.9,992,45,10,3.0,CS
FANI_2019,FANI,2019-04-29 09:00:00,9.7,86.8,992,45,10,3.0,CS
FANI_2019,FANI,2019-04-29 12:00:00,10.1,86.7,986,55,16,3.5,SCS
FANI_2019,FANI,2019-04-29 15:00:00,10.4,86.7,986,55,16,3.5,SCS
FANI_2019,FANI,2019-04-29 18:00:00,10.8,86.6,986,55,16,3.5,SCS
FANI_2019,FANI,2019-04-29 21:00:00,11.1,86.5,986,60,16,3.5,SCS
FANI_2019,FANI,2019-04-30 00:00:00,11.7,86.5,980,65,22,4.0,VSCS
FANI_2019,FANI,2019-04-30 03:00:00,12.3,86.2,974,75,28,4.5,VSCS
FANI_2019,FANI,2019-04-30 06:00:00,12.6,85.7,970,80,32,4.5,VSCS
FANI_2019,FANI,2019-04-30 09:00:00,13.0,85.3,966,85,36,4.5,VSCS
FANI_2019,FANI,2019-04-30 12:00:00,13.3,84.7,962,90,40,5.0,ESCS
FANI_2019,FANI,2019-04-30 15:00:00,13.4,84.5,957,95,45,5.0,ESCS
FANI_2019,FANI,2019-04-30 18:00:00,13.5,84.4,957,95,45,5.0,ESCS
FANI_2019,FANI,2019-04-30 21:00:00,13.6,84.2,957,95,45,5.0,ESCS
FANI_2019,FANI,2019-05-01 00:00:00,13.9,84.0,957,95,45,5.0,ESCS
FANI_2019,FANI,2019-05-01 03:00:00,14.1,83.9,957,95,45,5.0,ESCS
FANI_2019,FANI,2019-05-01 06:00:00,14.2,83.9,957,95,45,5.0,ESCS
FANI_2019,FANI,2019-05-01 09:00:00,14.5,84.1,955,95,45,5.0,ESCS
FANI_2019,FANI,2019-05-01 12:00:00,14.9,84.1,950,100,50,5.5,ESCS
FANI_2019,FANI,2019-05-01 15:00:00,15.1,84.1,950,100,50,5.5,ESCS
FANI_2019,FANI,2019-05-01 18:00:00,15.2,84.1,950,100,50,5.5,ESCS
FANI_2019,FANI,2019-05-01 21:00:00,15.5,84.2,950,100,50,5.5,ESCS
FANI_2019,FANI,2019-05-02 00:00:00,15.9,84.5,945,105,55,5.5,ESCS
FANI_2019,FANI,2019-05-02 03:00:00,16.2,84.6,945,105,55,5.5,ESCS
FANI_2019,FANI,2019-05-02 06:00:00,16.7,84.8,940,110,60,5.5,ESCS
FANI_2019,FANI,2019-05-02 09:00:00,17.1,84.8,932,115,66,6.0,ESCS
FANI_2019,FANI,2019-05-02 12:00:00,17.5,84.8,932,115,66,6.0,ESCS
FANI_2019,FANI,2019-05-02 15:00:00,17.8,84.9,934,115,66,6.0,ESCS
FANI_2019,FANI,2019-05-02 18:00:00,18.2,85.0,934,115,66,6.0,ESCS
FANI_2019,FANI,2019-05-02 21:00:00,18.6,85.2,934,115,66,6.0,ESCS
FANI_2019,FANI,2019-05-03 00:00:00,19.1,85.5,945,105,55,6.0,ESCS
FANI_2019,FANI,2019-05-03 03:00:00,19.6,85.7,952,100,50,5.5,ESCS
HUDHUD_2014,HUDHUD,2014-10-07 03:00:00,11.5,95.0,1004,25,3,1.5,D
HUDHUD_2014,HUDHUD,2014-10-07 06:00:00,11.7,94.8,1004,25,3,1.5,D
HUDHUD_2014,HUDHUD,2014-10-07 12:00:00,12.0,94.0,1000,30,5,2.0,DD
HUDHUD_2014,HUDHUD,2014-10-07 18:00:00,12.0,93.5,1000,30,5,2.0,DD
HUDHUD_2014,HUDHUD,2014-10-08 00:00:00,12.2,93.0,1000,30,5,2.0,DD
HUDHUD_2014,HUDHUD,2014-10-08 03:00:00,12.3,92.9,998,35,7,2.5,CS
HUDHUD_2014,HUDHUD,2014-10-08 06:00:00,12.5,92.5,996,40,8,2.5,CS
HUDHUD_2014,HUDHUD,2014-10-08 09:00:00,12.7,91.7,996,40,8,2.5,CS
HUDHUD_2014,HUDHUD,2014-10-08 12:00:00,12.8,91.0,996,40,8,2.5,CS
HUDHUD_2014,HUDHUD,2014-10-08 15:00:00,13.0,90.5,996,40,8,2.5,CS
HUDHUD_2014,HUDHUD,2014-10-08 18:00:00,13.2,90.2,994,45,9,3.0,CS
HUDHUD_2014,HUDHUD,2014-10-08 21:00:00,13.5,89.6,992,45,10,3.0,CS
HUDHUD_2014,HUDHUD,2014-10-09 00:00:00,13.7,89.2,990,45,12,3.0,CS
HUDHUD_2014,HUDHUD,2014-10-09 03:00:00,13.8,89.0,988,55,16,3.5,SCS
HUDHUD_2014,HUDHUD,2014-10-09 06:00:00,13.9,88.8,988,55,16,3.5,SCS
HUDHUD_2014,HUDHUD,2014-10-09 09:00:00,14.0,88.6,988,55,16,3.5,SCS
HUDHUD_2014,HUDHUD,2014-10-09 12:00:00,14.1,88.4,988,55,16,3.5,SCS
HUDHUD_2014,HUDHUD,2014-10-09 15:00:00,14.1,88.1,988,55,16,3.5,SCS
HUDHUD_2014,HUDHUD,2014-10-09 18:00:00,14.1,87.9,988,55,16,3.5,SCS
HUDHUD_2014,HUDHUD,2014-10-09 21:00:00,14.3,87.7,988,60,16,3.5,SCS
HUDHUD_2014,HUDHUD,2014-10-10 00:00:00,14.4,87.6,988,60,16,3.5,SCS
HUDHUD_2014,HUDHUD,2014-10-10 03:00:00,14.7,87.2,988,60,16,3.5,SCS
HUDHUD_2014,HUDHUD,2014-10-10 06:00:00,14.8,87.0,986,60,18,3.5,SCS
HUDHUD_2014,HUDHUD,2014-10-10 09:00:00,15.0,86.8,984,65,22,4.0,VSCS
HUDHUD_2014,HUDHUD,2014-10-10 12:00:00,15.2,86.7,982,70,26,4.0,VSCS
HUDHUD_2014,HUDHUD,2014-10-10 15:00:00,15.4,86.5,980,75,28,4.0,VSCS
HUDHUD_2014,HUDHUD,2014-10-10 18:00:00,15.5,86.4,978,75,30,4.0,VSCS
HUDHUD_2014,HUDHUD,2014-10-10 21:00:00,15.7,86.1,974,75,30,4.0,VSCS
HUDHUD_2014,HUDHUD,2014-10-11 00:00:00,15.9,85.7,970,75,30,4.0,VSCS
HUDHUD_2014,HUDHUD,2014-10-11 03:00:00,16.0,85.4,968,80,34,4.5,VSCS
HUDHUD_2014,HUDHUD,2014-10-11 06:00:00,16.1,85.1,966,90,40,5.0,VSCS
HUDHUD_2014,HUDHUD,2014-10-11 09:00:00,16.1,85.0,964,90,42,5.0,VSCS
HUDHUD_2014,HUDHUD,2014-10-11 12:00:00,16.2,84.8,962,95,44,5.0,VSCS
HUDHUD_2014,HUDHUD,2014-10-11 15:00:00,16.2,84.8,960,95,46,5.0,VSCS
HUDHUD_2014,HUDHUD,2014-10-11 18:00:00,16.4,84.7,954,100,50,5.0,VSCS
HUDHUD_2014,HUDHUD,2014-10-11 21:00:00,16.7,84.4,952,100,52,5.0,VSCS
HUDHUD_2014,HUDHUD,2014-10-12 00:00:00,17.2,84.2,950,100,54,5.0,VSCS
HUDHUD_2014,HUDHUD,2014-10-12 03:00:00,17.4,83.8,950,100,54,5.0,VSCS
HUDHUD_2014,HUDHUD,2014-10-12 06:00:00,17.6,83.4,950,100,54,5.0,VSCS
HUDHUD_2014,HUDHUD,2014-10-12 09:00:00,17.8,83.0,960,90,42,,VSCS
HUDHUD_2014,HUDHUD,2014-10-12 12:00:00,18.0,82.7,982,60,20,,SCS
HUDHUD_2014,HUDHUD,2014-10-12 15:00:00,18.3,82.5,986,45,15,,CS
HUDHUD_2014,HUDHUD,2014-10-12 18:00:00,18.7,82.3,987,40,14,,CS
HUDHUD_2014,HUDHUD,2014-10-12 21:00:00,18.7,82.3,988,40,13,,CS
HUDHUD_2014,HUDHUD,2014-10-13 00:00:00,19.5,81.5,994,30,8,,DD
HUDHUD_2014,HUDHUD,2014-10-13 03:00:00,20.5,81.5,996,30,6,,DD
HUDHUD_2014,HUDHUD,2014-10-13 06:00:00,20.7,81.5,998,30,5,,DD
HUDHUD_2014,HUDHUD,2014-10-13 12:00:00,21.3,81.5,998,25,4,,D
HUDHUD_2014,HUDHUD,2014-10-13 18:00:00,22.3,81.5,1000,25,4,,D
HUDHUD_2014,HUDHUD,2014-10-14 00:00:00,24.8,81.5,1000,25,4,,D
HUDHUD_2014,HUDHUD,2014-10-14 03:00:00,25.1,81.6,1000,20,3,,D
HUDHUD_2014,HUDHUD,2014-10-14 06:00:00,25.6,81.7,1000,20,3,,D
HUDHUD_2014,HUDHUD,2014-10-14 09:00:00,26.3,81.8,1000,20,3,,D
PHAILIN_2013,PHAILIN,2013-10-08 03:00:00,12.0,96.0,1004,25,3,1.5,D
PHAILIN_2013,PHAILIN,2013-10-08 06:00:00,12.0,95.5,1004,25,3,1.5,D
PHAILIN_2013,PHAILIN,2013-10-08 12:00:00,12.0,94.5,1003,25,4,1.5,D
PHAILIN_2013,PHAILIN,2013-10-08 18:00:00,12.5,94.0,1003,25,4,1.5,D
PHAILIN_2013,PHAILIN,2013-10-09 00:00:00,13.0,93.5,1002,30,5,2.0,DD
PHAILIN_2013,PHAILIN,2013-10-09 03:00:00,13.0,93.5,1001,30,5,2.0,DD
PHAILIN_2013,PHAILIN,2013-10-09 06:00:00,13.0,93.0,1000,30,6,2.0,DD
PHAILIN_2013,PHAILIN,2013-10-09 09:00:00,13.5,92.5,1000,30,6,2.0,DD
PHAILIN_2013,PHAILIN,2013-10-09 12:00:00,13.5,92.5,999,35,7,2.5,CS
PHAILIN_2013,PHAILIN,2013-10-09 15:00:00,13.6,92.5,999,35,7,2.5,CS
PHAILIN_2013,PHAILIN,2013-10-09 18:00:00,14.0,92.0,998,40,8,2.5,CS
PHAILIN_2013,PHAILIN,2013-10-09 21:00:00,14.0,92.0,998,40,8,2.5,CS
PHAILIN_2013,PHAILIN,2013-10-10 00:00:00,14.5,91.5,996,45,10,3.0,CS
PHAILIN_2013,PHAILIN,2013-10-10 03:00:00,14.5,91.0,990,55,15,3.5,SCS
PHAILIN_2013,PHAILIN,2013-10-10 06:00:00,15.0,90.5,984,65,22,4.0,VSCS
PHAILIN_2013,PHAILIN,2013-10-10 09:00:00,15.0,90.5,982,70,24,4.0,VSCS
PHAILIN_2013,PHAILIN,2013-10-10 12:00:00,15.5,90.0,976,75,30,4.5,VSCS
PHAILIN_2013,PHAILIN,2013-10-10 15:00:00,15.5,90.0,966,90,40,5.0,VSCS
PHAILIN_2013,PHAILIN,2013-10-10 18:00:00,15.5,89.5,960,95,46,5.0,VSCS
PHAILIN_2013,PHAILIN,2013-10-10 21:00:00,15.5,89.0,954,100,52,5.5,VSCS
PHAILIN_2013,PHAILIN,2013-10-11 00:00:00,16.0,88.5,946,110,60,5.5,VSCS
PHAILIN_2013,PHAILIN,2013-10-11 03:00:00,16.0,88.5,940,115,66,6.0,VSCS
PHAILIN_2013,PHAILIN,2013-10-11 06:00:00,16.2,88.3,940,115,66,6.0,VSCS
PHAILIN_2013,PHAILIN,2013-10-11 09:00:00,16.5,88.0,940,115,66,6.0,VSCS
PHAILIN_2013,PHAILIN,2013-10-11 12:00:00,16.8,87.7,940,115,66,6.0,VSCS
PHAILIN_2013,PHAILIN,2013-10-11 15:00:00,16.9,87.2,940,115,66,6.0,VSCS
PHAILIN_2013,PHAILIN,2013-10-11 18:00:00,17.0,87.0,940,115,66,6.0,VSCS
PHAILIN_2013,PHAILIN,2013-10-11 21:00:00,17.1,86.8,940,115,66,6.0,VSCS
PHAILIN_2013,PHAILIN,2013-10-12 00:00:00,17.5,86.5,940,115,66,6.0,VSCS
PHAILIN_2013,PHAILIN,2013-10-12 03:00:00,17.8,86.0,940,115,66,6.0,VSCS
PHAILIN_2013,PHAILIN,2013-10-12 06:00:00,18.1,85.7,940,115,66,6.0,VSCS
PHAILIN_2013,PHAILIN,2013-10-12 09:00:00,18.6,85.4,940,115,66,6.0,VSCS
PHAILIN_2013,PHAILIN,2013-10-12 12:00:00,18.7,85.2,940,115,66,6.0,VSCS
PHAILIN_2013,PHAILIN,2013-10-12 15:00:00,19.1,85.2,940,115,66,6.0,VSCS
PHAILIN_2013,PHAILIN,2013-10-12 18:00:00,19.5,84.8,956,100,50,,VSCS
PHAILIN_2013,PHAILIN,2013-10-12 21:00:00,20.0,84.5,966,90,40,,VSCS
PHAILIN_2013,PHAILIN,2013-10-13 00:00:00,20.5,84.5,976,75,30,,VSCS
PHAILIN_2013,PHAILIN,2013-10-13 03:00:00,21.0,84.0,990,55,15,,SCS
PHAILIN_2013,PHAILIN,2013-10-13 06:00:00,21.5,84.0,996,40,10,,CS
PHAILIN_2013,PHAILIN,2013-10-13 09:00:00,21.8,83.8,998,35,8,,CS
PHAILIN_2013,PHAILIN,2013-10-13 12:00:00,22.5,83.8,998,35,8,,CS
PHAILIN_2013,PHAILIN,2013-10-13 18:00:00,23.0,83.5,1002,30,6,,DD
PHAILIN_2013,PHAILIN,2013-10-14 00:00:00,23.5,84.0,1002,30,6,,DD
PHAILIN_2013,PHAILIN,2013-10-14 03:00:00,24.0,84.1,1004,25,3,,D
VARDAH_2016,VARDAH,2016-12-06 09:00:00,8.5,91.0,1002,25,3,1.5,D
VARDAH_2016,VARDAH,2016-12-06 18:00:00,9.5,90.5,1002,25,3,1.5,D
VARDAH_2016,VARDAH,2016-12-07 00:00:00,9.8,90.5,1002,25,4,1.5,D
VARDAH_2016,VARDAH,2016-12-07 03:00:00,9.8,90.5,1002,25,4,1.5,D
VARDAH_2016,VARDAH,2016-12-07 12:00:00,10.0,90.5,1002,25,4,1.5,D
VARDAH_2016,VARDAH,2016-12-07 18:00:00,10.8,90.5,1000,30,5,2.0,DD
VARDAH_2016,VARDAH,2016-12-08 00:00:00,11.2,90.5,998,35,6,2.5,CS
VARDAH_2016,VARDAH,2016-12-08 03:00:00,11.5,90.5,998,35,7,2.5,CS
VARDAH_2016,VARDAH,2016-12-08 06:00:00,11.5,90.5,998,35,7,2.5,CS
VARDAH_2016,VARDAH,2016-12-08 09:00:00,11.5,90.5,998,35,7,2.5,CS
VARDAH_2016,VARDAH,2016-12-08 12:00:00,11.7,90.5,997,40,8,2.5,CS
VARDAH_2016,VARDAH,2016-12-08 15:00:00,11.7,90.5,997,40,8,2.5,CS
VARDAH_2016,VARDAH,2016-12-08 18:00:00,11.8,90.5,997,40,8,2.5,CS
VARDAH_2016,VARDAH,2016-12-08 21:00:00,12.0,90.5,997,40,8,2.5,CS
VARDAH_2016,VARDAH,2016-12-09 00:00:00,12.0,90.4,996,45,10,3.0,CS
VARDAH_2016,VARDAH,2016-12-09 03:00:00,12.1,90.4,996,45,10,3.0,CS
VARDAH_2016,VARDAH,2016-12-09 06:00:00,12.1,90.3,996,45,10,3.0,CS
VARDAH_2016,VARDAH,2016-12-09 09:00:00,12.2,90.3,996,45,10,3.0,CS
VARDAH_2016,VARDAH,2016-12-09 12:00:00,12.2,90.0,996,45,10,3.0,CS
VARDAH_2016,VARDAH,2016-12-09 15:00:00,12.2,89.9,994,45,12,3.0,CS
VARDAH_2016,VARDAH,2016-12-09 18:00:00,12.3,89.6,992,50,14,3.0,SCS
VARDAH_2016,VARDAH,2016-12-09 21:00:00,12.5,89.0,990,55,16,3.5,SCS
VARDAH_2016,VARDAH,2016-12-10 00:00:00,12.6,88.4,990,55,16,3.5,SCS
VARDAH_2016,VARDAH,2016-12-10 03:00:00,12.7,88.0,990,55,16,3.5,SCS
VARDAH_2016,VARDAH,2016-12-10 06:00:00,13.0,87.4,990,55,16,3.5,SCS
VARDAH_2016,VARDAH,2016-12-10 09:00:00,13.1,86.8,988,60,18,3.5,SCS
VARDAH_2016,VARDAH,2016-12-10 12:00:00,13.2,86.4,984,65,22,4.0,VSCS
VARDAH_2016,VARDAH,2016-12-10 15:00:00,13.3,85.9,984,65,22,4.0,VSCS
VARDAH_2016,VARDAH,2016-12-10 18:00:00,13.3,85.3,984,65,22,4.0,VSCS
VARDAH_2016,VARDAH,2016-12-10 21:00:00,13.3,85.0,982,65,22,4.0,VSCS
VARDAH_2016,VARDAH,2016-12-11 00:00:00,13.3,84.7,980,70,24,4.0,VSCS
VARDAH_2016,VARDAH,2016-12-11 03:00:00,13.1,84.3,980,70,24,4.0,VSCS
VARDAH_2016,VARDAH,2016-12-11 06:00:00,13.1,83.7,980,70,24,4.0,VSCS
VARDAH_2016,VARDAH,2016-12-11 09:00:00,13.1,83.3,980,70,24,4.0,VSCS
VARDAH_2016,VARDAH,2016-12-11 12:00:00,13.3,83.0,980,70,24,4.0,VSCS
VARDAH_2016,VARDAH,2016-12-11 15:00:00,13.3,82.5,980,70,24,4.0,VSCS
VARDAH_2016,VARDAH,2016-12-11 18:00:00,13.1,82.3,980,70,24,4.0,VSCS
VARDAH_2016,VARDAH,2016-12-11 21:00:00,13.2,81.9,978,70,26,4.0,VSCS
VARDAH_2016,VARDAH,2016-12-12 00:00:00,13.2,81.6,975,70,26,4.0,VSCS
VARDAH_2016,VARDAH,2016-12-12 03:00:00,13.2,81.2,975,70,26,4.0,VSCS
VARDAH_2016,VARDAH,2016-12-12 06:00:00,13.2,80.7,975,70,26,4.0,VSCS
VARDAH_2016,VARDAH,2016-12-12 09:00:00,13.1,80.3,975,60,26,3.5,SCS
VARDAH_2016,VARDAH,2016-12-12 12:00:00,13.0,79.9,984,50,18,3.5,SCS
VARDAH_2016,VARDAH,2016-12-12 15:00:00,12.9,79.5,994,40,10,3.0,CS
VARDAH_2016,VARDAH,2016-12-12 18:00:00,12.7,79.1,1002,30,5,2.0,DD
