epoch,focal_loss
0,0.08732029423117638
1,0.08307863771915436
2,0.06483728997409344
3,0.0639924630522728
4,0.061183441430330276
5,0.05035374313592911
6,0.05152024328708649
7,0.034080978482961655
8,0.03283863328397274
9,0.031211973167955875
10,0.04267711564898491
11,0.028431382030248642
12,0.022800875827670097
13,0.03005251009017229
14,0.028705919161438942
15,0.021004761569201946
16,0.017683807760477066
17,0.017636898905038834
18,0.029490431770682335
19,0.01615189667791128
20,0.012820464558899403
21,0.01154744392260909
22,0.010511109605431557
23,0.011206691968254745
24,0.008195353671908379
