latitude,longitude,distance_to_water_m,distance_to_river_m,distance_to_lake_m,distance_to_reservoir_m,distance_to_inundation_area_m,near_river_1km,near_river_3km,near_water_1km,near_water_3km,near_inundation_3km,waterbody_count_5km,river_segment_count_5km
19.25,84.95,3732.306383365968,3379.843809829471,7186.4369781893965,4894.830583626565,80470.88982899593,0,0,0,0,0,2,1
19.25,85.049995,10852.282361363164,10047.137129777784,11710.837715595611,10852.282361363164,75033.15309826664,0,0,0,0,0,1,1
19.25,85.15,15614.423850507188,15544.49836988045,18497.03223483775,18688.947605849222,70743.62612977934,0,0,0,0,0,1,1
19.25,85.25,22418.05865299365,22406.107580209347,26431.823239084337,24939.447757418413,67642.2497762439,0,0,0,0,0,1,1
19.25,85.35,31250.697704423405,30408.73213222073,31830.827930391857,31788.928769842383,66022.98993660438,0,0,0,0,0,1,1
19.25,85.45,37240.64122529949,36663.17824729935,37663.50185133277,37240.64122529949,65199.39742365144,0,0,0,0,0,1,1
19.25,85.549995,43112.85879981588,42729.65291401942,44410.81789978903,43112.85879981588,65405.919611144454,0,0,0,0,0,1,1
19.25,85.65,47938.14393324485,47609.84776366425,52330.67738052803,48470.353787175845,67256.75961719354,0,0,0,0,0,1,1
19.25,85.75,52268.84575570767,51949.55443599604,59010.48071263154,54876.673860469746,70631.65823466159,0,0,0,0,0,1,1
19.25,85.85,57171.99628250316,56999.77527650964,60461.25043992946,61130.01538984631,75328.36638161543,0,0,0,0,0,1,1
19.25,85.95,61293.63443345215,61117.82825974225,63581.71008873737,62579.30315281636,81104.65336580903,0,0,0,0,0,1,1
19.25,86.049995,64736.660223177336,64419.51729087844,66533.8031194249,65693.52509229588,87088.38143816119,0,0,0,0,0,1,1
19.25,86.15,67040.02851642978,66863.43900946938,68358.74105844612,70252.034291548,93835.26638623957,0,0,0,0,0,1,1
19.25,86.25,69715.29820559711,69350.28969434524,69715.29820559711,75994.77127440009,101221.20825326732,0,0,0,0,0,1,1
19.25,86.35,72578.34195672935,72352.61850577817,72578.34195672935,82675.40827703495,109116.71781883789,0,0,0,0,0,1,1
19.25,86.45,75866.16257249459,75646.6700114313,76779.45428747189,90085.46980597732,117419.01004273834,0,0,0,0,0,1,1
19.25,86.549995,79653.01037878837,79569.65356039244,82113.16742156279,96456.91692849713,126047.26734290892,0,0,0,0,0,1,1
19.25,86.65,83435.39151461377,83410.06987909469,88375.42291051743,103383.8273570762,134940.1898002635,0,0,0,0,0,1,1
19.25,86.75,87457.68036641635,87363.58804348488,95382.73248948359,110871.10423607998,144047.61130170093,0,0,0,0,0,1,1
19.25,86.85,92499.50244437355,92344.36670087809,102983.3417486411,118813.1178431847,153331.67753924287,0,0,0,0,0,1,1
19.25,86.95,98404.26529448139,98196.2063595123,111055.50168022743,127113.34444590521,162762.17280032573,0,0,0,0,0,1,1
19.25,87.049995,104998.80615557835,104676.94227120644,119503.27375792454,135711.29547812368,172314.59253459852,0,0,0,0,0,1,1
19.35,84.95,1386.994553890926,1697.0813518263883,2186.8539875788015,1386.994553890926,71607.64882870411,0,1,0,1,0,26,17
19.35,85.049995,1790.7057698648662,699.6178275162805,3344.1503252162147,6424.337238229285,65441.98231594727,1,1,0,1,0,4,9
19.35,85.15,7499.049619631698,7408.66900412321,12840.599767072086,9745.09431220962,60479.66326686204,0,0,0,0,0,1,1
19.35,85.25,16527.458996581154,15255.960446693913,16675.24889155351,16527.458996581154,56924.93030470727,0,0,0,0,0,1,1
19.35,85.35,22717.83211173222,21508.083077786298,22717.83211173222,22805.5484381395,54992.748992655375,0,0,0,0,0,1,1
19.35,85.45,27997.022698762215,27731.630493470584,29157.974421478662,27997.022698762215,54155.1462658404,0,0,0,0,0,1,1
19.35,85.549995,33541.63905610808,33096.81257048925,37321.33984496581,33551.22354443048,54403.95512464622,0,0,0,0,0,1,1
19.35,85.65,37833.58541698301,37440.42707481509,44966.42250687292,39628.179303803874,56612.31248954005,0,0,0,0,0,1,1
19.35,85.75,42524.532072462025,42363.98384232958,47960.677040140414,46110.11771179703,60581.16342763836,0,0,0,0,0,1,1
19.35,85.85,47293.97298321777,47077.13034072552,49734.15234757834,50082.48227155117,65994.2092522268,0,0,0,0,0,1,1
19.35,85.95,50807.45972274059,50696.09739000748,52798.84239338948,51840.846679378454,71934.82210179987,0,0,0,0,0,1,1
19.35,86.049995,54026.64032814777,53761.88613196312,56317.24196125484,55558.386219522545,78578.21379551939,0,0,0,0,0,1,1
19.35,86.15,56225.966423270496,56025.6944390657,57311.61304753139,60877.72230193993,85991.27739669243,0,0,0,0,0,1,1
19.35,86.25,58922.34585452584,58736.01574778353,58922.34585452584,67420.10573069753,93991.12294117421,0,0,0,0,0,1,1
19.35,86.35,62281.73736567506,61785.371971060646,62281.73736567506,74865.66711457224,102440.5898676584,0,0,0,0,0,1,1
19.35,86.45,65408.9043543596,65299.16076985252,67127.67895766452,81255.84585834508,111237.22828932207,0,0,0,0,0,1,1
19.35,86.549995,69739.91336782012,69675.04298457479,73164.99929962993,88124.92944771999,120304.42196600843,0,0,0,0,0,1,1
19.35,86.65,73077.95219958699,73022.7330695308,80125.69448624442,95652.7997840336,129586.65391497659,0,0,0,0,0,1,1
19.35,86.75,77636.10088472837,77505.35158970997,87789.55790973932,103694.81459956912,139039.6658527804,0,0,0,0,0,1,1
19.35,86.85,83271.44783886688,83076.05121152544,95988.54797366339,112122.50694302128,148631.25016803708,0,0,0,0,0,1,1
19.35,86.95,89775.07732871837,89458.27637164315,104596.9001457029,120872.34437581581,158336.23533519485,0,0,0,0,0,1,1
19.35,87.049995,96769.68041404137,96422.93988895303,113521.0840241637,129878.8069826484,168134.50938538718,0,0,0,0,0,1,1
19.449999,84.95,2036.8429108174614,2235.1409667902894,3961.4842019043954,2480.7094005215185,63441.64907733461,0,1,0,1,0,6,4
19.449999,85.049995,2927.1039134013045,5010.737264164261,2927.1039134013045,3439.2880788722014,56395.18865411229,0,0,0,1,0,8,1
19.449999,85.15,1339.13670536578,62.03323346761218,1960.4181707386172,1339.13670536578,50556.82978339696,1,1,0,1,0,3,3
19.449999,85.25,7558.33366160816,6340.738766909912,8149.7170087263075,7558.33366160816,46373.30228815458,0,0,0,0,0,1,1
19.449999,85.35,12855.991274264343,12634.145958021187,13926.830177394388,12855.991274264343,43982.04869450394,0,0,0,0,0,1,1
19.449999,85.45,18735.060932817483,18334.246766104658,22662.59158302283,18813.089904349832,43123.418122734416,0,0,0,0,0,1,1
19.449999,85.549995,23492.847627394476,23119.71855686637,30092.203379081613,24398.634490689165,43433.653819293104,0,0,0,0,0,1,1
19.449999,85.65,27798.69907603258,27480.255307589287,34907.21888841792,31202.215059898095,46167.591904888955,0,0,0,0,0,1,1
19.449999,85.75,32765.45391315748,32515.957701268817,36921.500455778645,37355.39130086477,50954.13435623714,0,0,0,0,0,1,1
19.449999,85.85,37234.979431513726,36700.91067334656,39192.285031634,39046.076932572585,56839.54716565331,0,0,0,0,0,1,1
19.449999,85.95,40630.60359524905,40256.775866956894,42163.468062249194,41276.31857003763,63327.03492772277,0,0,0,0,0,1,1
19.449999,86.049995,43495.560748856566,43086.1137774155,46491.558427966025,45856.0602427658,70778.88991710976,0,0,0,0,0,1,1
19.449999,86.15,45526.59243794366,45254.28210375438,46273.627291329394,52170.74682191877,78923.37209712216,0,0,0,0,0,1,1
19.449999,86.25,48253.300366593205,48091.13171832362,48253.300366593205,59671.34253953454,87566.40867679077,0,0,0,0,0,1,1
19.449999,86.35,51666.445143151446,51283.3931964966,52300.34474709789,66083.43495219378,96574.4665664712,0,0,0,0,0,1,1
19.449999,86.45,55159.90878875148,55075.014730248455,57983.378486713176,72870.95695050893,105854.35772691034,0,0,0,0,0,1,1
19.449999,86.549995,59137.715495899,59137.6869055935,64873.43262410811,80454.79482515994,115339.9826906392,0,0,0,0,0,1,1
19.449999,86.65,62961.872689076394,62867.21700454083,72628.73266831855,88623.46615044403,124985.81728019548,0,0,0,0,0,1,1
19.449999,86.75,68196.52581385039,68019.4538723202,81000.22054187817,97222.2314611429,134756.22777253177,0,0,0,0,0,1,1
19.449999,86.85,74545.2189446389,74252.6512969212,89816.01484794244,106159.76833162273,144626.35269763146,0,0,0,0,0,1,1
19.449999,86.95,81516.83992612506,81169.98495894339,98957.44135510824,115357.36590754474,154577.1018848605,0,0,0,0,0,1,1
19.449999,87.049995,89134.94808974143,88758.39868964185,108341.64164716158,124757.05744361298,164593.3670771176,0,0,0,0,0,1,1
19.55,84.95,4726.488421031175,1254.9466338374025,4726.488421031175,9456.164966701526,56277.0348659567,0,1,0,0,0,1,2
19.55,85.049995,792.9499816636753,9135.713081971962,792.9499816636753,7767.537935420662,48200.052117956686,0,0,1,1,0,3,1
19.55,85.15,0.0,8219.928672160278,0.0,3857.7937380120084,41221.947956362594,0,0,1,1,0,3,1
19.55,85.25,300.80526904155084,2528.3492159928533,300.80526904155084,896.5999381631985,35988.76308242571,0,1,1,1,0,6,1
19.55,85.35,3988.6574129429055,3452.9809611879227,9274.159309451554,3988.6574129429055,33010.12536272629,0,0,0,0,0,3,1
19.55,85.45,9145.636033416095,8621.83096804937,15502.33513250748,9218.399125160946,32116.796407183592,0,0,0,0,0,1,1
19.55,85.549995,13387.300187873709,12954.2106341889,20600.484368511712,16730.654957765026,32528.195895900466,0,0,0,0,0,1,1
19.55,85.65,18030.888907089768,17951.957180282254,24934.583871124716,22106.477206064294,36096.105456403944,0,0,0,0,0,1,1
19.55,85.75,22797.912519858863,22588.20001481622,25906.219293428712,28200.198869834017,41860.992904403894,0,0,0,0,0,1,1
19.55,85.85,26475.968103818293,26335.074586834242,29039.829787727274,28033.62431169795,48081.52195552275,0,0,0,0,0,1,1
19.55,85.95,30120.846876105858,29614.461928717075,31823.512745483393,31063.39492440726,55596.40759899894,0,0,0,0,0,1,1
19.55,86.049995,32634.015788865065,32220.542081063068,35713.25719708708,36929.02988957318,63950.83676944841,0,0,0,0,0,1,1
19.55,86.15,35055.52743145325,34538.053726202495,35253.05036630059,44524.14680717424,72857.6039895644,0,0,0,0,0,1,1
19.55,86.25,37812.889159136656,37533.83606673272,37812.889159136656,50961.87757630623,82136.12981022596,0,0,0,0,0,1,1
19.55,86.35,41049.964620674116,40857.47388821094,42854.717360306124,57620.575403139665,91673.84645926893,0,0,0,0,0,1,1
19.55,86.45,45296.60756685832,45239.980844586,49627.63970781725,65289.54333627547,101397.59747736432,0,0,0,0,0,1,1
19.55,86.549995,48643.72865888928,48607.19516599969,57522.90848824496,73633.68107118523,111258.09249491706,0,0,0,0,0,1,1
19.55,86.65,53224.67358449847,53076.47600569584,66140.83734530117,82459.07245263473,121223.31579202494,0,0,0,0,0,1,1
19.55,86.75,59321.34644407309,59068.3140145112,75232.51096038404,91632.7957335478,131268.1512715176,0,0,0,0,0,1,1
19.55,86.85,66268.24415977372,65921.20770794991,84645.68210369097,101060.34175456579,141376.02302761524,0,0,0,0,0,1,1
19.55,86.95,73966.32482584286,73578.22865320933,94284.10652439191,110676.87037695321,151534.3271806587,0,0,0,0,0,1,1
19.55,87.049995,82243.60712587107,81830.62348019415,104084.74455058442,120436.64274904128,161733.06670008792,0,0,0,0,0,1,1
19.65,84.95,7183.175407742392,5493.6945998286965,7183.175407742392,11882.984954544185,50541.842275758594,0,0,0,0,0,1,1
19.65,85.049995,3133.527862190566,11061.19207566624,5045.113431508091,3133.527862190566,41366.32974682291,0,0,0,0,0,3,1
19.65,85.15,758.8027605246966,6156.071723569077,758.8027605246966,5324.1542598731385,32978.69895404573,0,0,1,1,0,2,1
19.65,85.25,0.0,9468.591123832712,831.2364682185179,0.0,26149.882622614346,0,0,1,1,0,5,1
19.65,85.35,285.70865293348527,6092.238885879558,1426.6113823103753,285.70865293348527,22135.54854418824,0,0,1,1,0,8,1
19.65,85.45,0.0,1369.023601360526,5691.342100220527,2320.4038920883977,21175.325971359027,0,1,1,1,0,5,1
19.65,85.549995,3435.067646323215,3081.48803743514,10453.43398541171,6877.765840548307,21788.09173993516,0,0,0,0,0,1,1
19.65,85.65,8300.662917317026,8026.215342754261,15841.04639555784,13062.714480270773,26807.924486823682,0,0,0,0,0,1,1
19.65,85.75,12878.651370688767,12341.734214360857,14968.763147105812,17827.12982938991,32845.4430184637,0,0,0,0,0,1,1
19.65,85.85,16139.817685091846,15956.854611147814,18139.312218933766,17092.47444776488,40471.38195278035,0,0,0,0,0,1,1
19.65,85.95,19241.751514312244,18961.305652010902,22196.533283352317,21705.005085272875,49158.91939561465,0,0,0,0,0,1,1
19.65,86.049995,21627.09904442851,21386.30621568308,24933.843731167468,29490.5585301137,58435.85961919578,0,0,0,0,0,1,1
19.65,86.15,24274.400663277047,23919.79739238272,24274.400663277047,35933.43050248435,68062.72421352965,0,0,0,0,0,1,1
19.65,86.25,27860.047313284176,26968.09336597713,27860.047313284176,42374.38907252261,77908.75536470821,0,0,0,0,0,1,1
19.65,86.35,30675.87684213786,30587.238025984807,34389.761173427185,50180.04451044198,87900.58811697384,0,0,0,0,0,1,1
19.65,86.45,35004.42430065063,34886.44576922416,42528.28799023073,58786.59698135807,97993.58919303934,0,0,0,0,0,1,1
19.65,86.549995,38471.58927782761,38375.24489388947,51518.19136212153,67919.47015377868,108158.90164177639,0,0,0,0,0,1,1
19.65,86.65,44118.455819986826,43895.80051966435,60985.23026526733,77393.74678195923,118379.27894175665,0,0,0,0,0,1,1
19.65,86.75,51024.89894925069,50677.55592565487,70737.04947791129,87096.97411972258,128640.30503822169,0,0,0,0,0,1,1
19.65,86.85,58836.38117157051,58439.826200494244,80670.71997542387,96960.75895746659,138933.37294907952,0,0,0,0,0,1,1
19.65,86.95,67319.2674458435,66888.76643071111,90726.52853397555,106940.68638389888,149251.86349931278,0,0,0,0,0,1,1
19.65,87.049995,76237.0670601848,75818.42441158091,100866.78416232127,117006.54947550507,159590.34470472508,0,0,0,0,0,1,1
19.75,84.95,15199.175260517946,14795.752750007961,15199.175260517946,18049.219110249676,46764.9460031469,0,0,0,0,0,1,1
19.75,85.049995,5612.898763866011,4921.485586560958,5612.898763866011,11372.36237365205,36663.3307416433,0,0,0,0,0,1,1
19.75,85.15,1474.9532626568562,480.62560029851943,4027.0144802655836,1474.9532626568562,26851.959593326086,1,1,0,1,0,9,17
19.75,85.25,0.0,2141.2237224394244,0.0,4972.815205526047,17819.046015948497,0,1,1,1,0,2,1
19.75,85.35,0.0,9863.679947855315,0.0,7164.4188401552055,11558.634408335058,0,0,1,1,0,1,1
19.75,85.45,0.0,11461.962673119977,0.0,2775.1686595636756,10502.265115707833,0,0,1,1,0,2,1
19.75,85.549995,0.0,6253.012344061864,639.9592833671956,0.0,11678.73587625067,0,0,1,1,0,3,1
19.75,85.65,763.5064455509724,1905.9883569081915,8220.140781500771,5704.337179422124,17632.88745456177,0,1,1,1,0,2,1
19.75,85.75,4539.593140846012,1934.7911964226212,4656.145730662986,8034.381862362425,25500.106014235513,0,1,0,0,0,2,2
19.75,85.85,6587.961876887822,5450.780303459035,7351.838425463929,6587.961876887822,34771.13250770549,0,0,0,0,0,1,1
19.75,85.95,8842.508459766183,8305.002774313796,14740.71881356048,14908.120839899457,44578.328252748885,0,0,0,0,0,1,1
19.75,86.049995,10733.040590861801,10551.406930994128,14561.645422837068,21178.376957573102,54633.04233113759,0,0,0,0,0,1,1
19.75,86.15,13440.732846369334,13299.491405732295,13440.732846369334,27132.364958064547,64821.35558567278,0,0,0,0,0,1,1
19.75,86.25,16991.886149649563,16484.665447062227,19169.814178400255,35176.9368111466,75087.7122945494,0,0,0,0,0,1,1
19.75,86.35,20971.18494785,20771.99853505346,27815.652501797656,44219.60340190518,85404.23281146021,0,0,0,0,0,1,1
19.75,86.45,24326.926072445935,24326.92608922331,37407.592845068975,53783.14933511095,95754.65988535734,0,0,0,0,0,1,1
19.75,86.549995,28962.34563351631,28767.388653845443,47373.80331368438,63632.59041940026,106128.52480956363,0,0,0,0,0,1,1
19.75,86.65,35787.84527925145,35439.91998922539,57519.47184417891,73654.56738458914,116520.96930506267,0,0,0,0,0,1,1
19.75,86.75,43792.18819866734,43382.89560544211,67762.44771913024,83786.03428148577,126926.1207869646,0,0,0,0,0,1,1
19.75,86.85,52555.89762197768,52130.28650436987,78066.46854724165,93991.91999511285,137341.49471580161,0,0,0,0,0,1,1
19.75,86.95,61798.12164986707,61416.31258719771,88410.19283497056,104250.37396469145,147764.93944256302,0,0,0,0,0,1,1
19.75,87.049995,69481.71543547355,68238.36771303616,98780.64140069905,114546.77115432313,158194.35456977054,0,0,0,0,0,1,1
19.85,84.95,20819.183493538083,16705.240954334527,20819.183493538083,24922.28431112405,45437.42286279189,0,0,0,0,0,1,1
19.85,85.049995,14640.57883121004,8767.904376664175,14640.57883121004,15512.13358076623,34961.87205824135,0,0,0,0,0,1,1
19.85,85.15,8924.504226103934,3024.083982732737,13384.731758700957,8924.504226103934,24485.83671821967,0,0,0,0,0,1,6
19.85,85.25,7181.997476791967,5799.214091884841,7181.997476791967,11339.432584705473,14010.887991482821,0,0,0,0,0,1,1
19.85,85.35,1679.9573171864802,13177.261093291334,1679.9573171864802,9873.82582142054,3536.825347586654,0,0,0,1,0,2,1
19.85,85.45,0.0,7576.50858726247,426.6477658253596,4629.513182200153,0.0,0,0,1,1,1,3,1
19.85,85.549995,0.0,995.227313049022,0.0,2534.760331547849,2762.7505518051435,1,1,1,1,1,5,4
19.85,85.65,1973.5904218415571,1398.2652584959205,1973.5904218415571,2690.0976665332714,11294.82612580989,0,1,0,1,0,7,1
19.85,85.75,5549.678363526269,182.79863135311635,6956.395176848635,6138.91987031872,21603.339108304124,1,1,0,0,0,1,2
19.85,85.85,3887.483431812529,74.12915380887485,4678.877040005629,3887.483431812529,32017.767443480872,1,1,0,0,0,4,4
19.85,85.95,4283.032957949955,2370.4144418737133,13524.627302093535,7577.581376184422,42460.010896122854,0,1,0,0,0,3,3
19.85,86.049995,841.7726487665503,131.16491956073264,6880.286477483354,11894.517327340367,52912.913612733406,1,1,1,1,0,1,3
19.85,86.15,4123.826571787387,2719.020607952642,4123.826571787387,20537.53858187698,63372.388674140675,0,1,0,0,0,1,2
19.85,86.25,6257.928067555785,6128.742222309034,14262.775609073942,30333.713938881872,73834.42973322951,0,0,0,0,0,1,1
19.85,86.35,11382.559547074487,10709.89593674132,24676.545298401645,40467.86741023902,84298.34507726938,0,0,0,0,0,1,1
19.85,86.45,13993.786515942698,13888.648941507829,35123.88349999502,50737.77667922931,94763.46857337492,0,0,0,0,0,1,1
19.85,86.549995,20561.199003135353,20211.871212675298,45581.090111711565,61074.40967928322,105228.88663632414,0,0,0,0,0,1,1
19.85,86.65,28905.369504725688,28472.85382953013,56043.85565238948,71450.09814152528,115695.93006867402,0,0,0,0,0,1,1
19.85,86.75,38133.69602952715,37760.632449622586,66508.44660315057,81848.80762768888,126162.8782559494,0,0,0,0,0,1,1
19.85,86.85,47815.125516658954,47510.2131853563,76974.41310687202,92263.0888269503,136630.1584201668,0,0,0,0,0,1,1
19.85,86.95,54754.360080210055,53242.73589217482,87441.26111225833,102688.20764212696,147097.70963665814,0,0,0,0,0,1,1
19.85,87.049995,60183.193676547526,59439.677858433766,97908.19615947605,113120.65927856567,157564.9710728281,0,0,0,0,0,1,1
19.949999,84.95,29334.697292868237,23952.163876570998,29334.697292868237,30553.221629614898,46768.373468555124,0,0,0,0,0,1,1
19.949999,85.049995,23519.428180820316,17008.67173750786,25237.9184464667,23519.428180820316,36682.10153198431,0,0,0,0,0,1,1
19.949999,85.15,19805.78380984722,13322.586085795849,22063.71071414569,19805.78380984722,26857.116933101304,0,0,0,0,0,1,1
19.949999,85.25,16514.568163149233,13635.720511614694,16514.568163149233,19594.99419058529,17681.43598973894,0,0,0,0,0,1,1
19.949999,85.35,9600.505616772018,20339.339984032213,11657.393424747504,9600.505616772018,9833.648359794339,0,0,0,0,0,1,1
19.949999,85.45,1858.03238192135,12753.077847114533,10326.0509976545,1858.03238192135,7519.129013338374,0,0,0,1,0,11,1
19.949999,85.549995,509.0990589193231,3471.224810292366,8059.4945883305245,509.0990589193231,7428.985859191043,0,0,1,1,0,14,2
19.949999,85.65,3982.6790351773175,3875.683795455861,11009.570279504942,3982.6790351773175,13692.455824374578,0,0,0,0,0,1,3
19.949999,85.75,7287.519872154331,7931.598125509193,7287.519872154331,13139.930784885022,22943.7774115028,0,0,0,0,0,1,1
19.949999,85.85,2315.8327180599895,1460.705058559408,3134.7268571121213,6448.201984014084,32931.95403775276,0,1,0,1,0,4,4
19.949999,85.95,1478.4594685291545,24.278048933618862,13507.767284743059,1478.4594685291545,43148.03954258063,1,1,0,1,0,2,1
19.949999,86.049995,5872.116946684212,2038.8396034166021,11237.412945454713,8412.906984463756,53460.85510303774,0,1,0,0,0,1,3
19.949999,86.15,244.78250408221692,7843.618803039135,9823.330696131845,18702.196814604526,63824.70651049905,0,0,1,1,0,1,1
19.949999,86.25,1836.2304214695139,3661.411808944769,16811.381987060286,29117.082580432572,74217.01061923936,0,0,0,1,0,1,2
19.949999,86.35,1309.4596389317426,89.07979359608449,26227.305482534583,39558.43033027295,84627.54853564149,1,1,0,1,0,1,2
19.949999,86.45,5384.550796853704,5004.466238028668,36224.760640403896,50009.56043063962,95050.28411198429,0,0,0,0,0,1,1
19.949999,86.549995,14523.146815801758,14219.392028505757,46428.98764522685,60464.80768346154,105481.05015265354,0,0,0,0,0,1,1
19.949999,86.65,24571.513507204865,24372.17573131186,56729.71372546671,70923.64502388738,115919.08595429282,0,0,0,0,0,1,1
19.949999,86.75,33209.46889208563,32967.38535191492,67081.4004698372,81383.49910972538,126361.27677936721,0,0,0,0,0,1,1
19.949999,86.85,40404.56295978825,38436.915376348225,77463.91307440907,91844.35813457823,136807.07570879068,0,0,0,0,0,1,1
19.949999,86.95,45140.2207136182,44234.91381433184,87866.32466452346,102305.91728090783,147255.72478265018,0,0,0,0,0,1,1
19.949999,87.049995,51587.05857566216,51033.31986473387,98281.80745254993,112767.47188402351,157706.1514053151,0,0,0,0,0,1,1
20.05,84.95,38613.2877861752,32073.146688671648,39113.941750557744,38613.2877861752,50486.901812558586,0,0,0,0,0,1,1
20.05,85.049995,33329.57156746377,26979.544785514296,36106.701150509216,33329.57156746377,41256.38295070148,0,0,0,0,0,1,1
20.05,85.15,30822.701247399582,23978.02850466322,31640.677620914765,30822.701247399582,32778.30312273196,0,0,0,0,0,1,1
20.05,85.25,24415.16431320524,24152.90327474996,26142.246691547592,24415.16431320524,25045.566292293734,0,0,0,0,0,1,1
20.05,85.35,17031.6017226949,25538.62515311683,22452.574537678287,17031.6017226949,19739.919750360266,0,0,0,0,0,1,1
20.05,85.45,10820.494323127255,15517.863897827277,21111.344242535855,10820.494323127255,18504.080562333565,0,0,0,0,0,1,1
20.05,85.549995,9688.901805284982,6951.555213647794,19128.7508183292,9688.901805284982,18372.01858783256,0,0,0,0,0,1,1
20.05,85.65,14021.380207950484,3139.375593950871,20410.607929679933,14021.380207950484,21940.93849388178,0,0,0,0,0,1,3
20.05,85.75,12434.486200432517,9522.306330933217,12434.486200432517,19176.09760398922,28818.75365680095,0,0,0,0,0,1,1
20.05,85.85,2228.666261935307,2072.57390328734,10538.662288635496,14371.374547695934,37259.292907215895,0,1,0,1,0,1,4
20.05,85.95,7356.713143372861,2530.425855058375,16844.28916123883,12492.716639770917,46529.50424618388,0,1,0,0,0,1,2
20.05,86.049995,12421.049721548206,4178.8178569712445,21202.037110826037,15617.571250333009,56219.81095751838,0,0,0,0,0,1,4
20.05,86.15,2892.527967521229,13178.275448230928,20500.050318809182,22863.143114457787,66146.97565505127,0,0,0,1,0,1,1
20.05,86.25,0.0,6976.634064916882,24632.8773893338,31944.286578809475,76217.33117400823,0,0,1,1,0,1,1
20.05,86.35,726.0677306254418,7628.874982310835,31808.2636280454,41677.88803789318,86381.06910803991,0,0,1,1,0,1,1
20.05,86.45,1754.1870998918614,1680.711593591032,40444.13326639021,51696.60800386504,96608.67669786344,0,1,0,1,0,1,1
20.05,86.549995,9627.572056124027,9497.84654703803,49785.627154543865,61861.49510050896,106881.27638979761,0,0,0,0,0,1,1
20.05,86.65,18809.162877362916,18194.107456046964,59502.469312103494,72112.03533101,117188.42775496349,0,0,0,0,0,1,1
20.05,86.75,25580.91646215407,24164.257655950372,69436.20084319859,82415.10187636134,127520.45249271565,0,0,0,0,0,1,1
20.05,86.85,30286.413472434066,29060.685760591765,79505.85113850555,92753.52449491897,137872.1598216651,0,0,0,0,0,1,1
20.05,86.95,36361.02100154441,35807.12640098204,89665.63975194917,103116.67276947439,148239.43618784775,0,0,0,0,0,1,1
20.05,87.049995,44105.72828097141,42590.899831359915,99887.5650158654,113497.2677530615,158618.72593843387,0,0,0,0,0,1,1
20.15,84.95,47891.95221757343,41439.892425045495,49441.40735213412,47891.95221757343,56091.72713233452,0,0,0,0,0,1,1
20.15,85.049995,43745.98944607254,37501.623149641135,46438.183930858846,43745.98944607254,47929.818910060676,0,0,0,0,0,1,1
20.15,85.15,39544.28377754836,34893.26373418466,40786.51200238069,39544.28377754836,40270.35914077773,0,0,0,0,0,1,1
20.15,85.25,32257.51856155044,35013.14239303212,36079.08655512164,32257.51856155044,34135.176064912914,0,0,0,0,0,1,1
20.15,85.35,25600.652846018565,30012.151751897905,33428.07803688999,25600.652846018565,30458.504796897392,0,0,0,0,0,1,1
20.15,85.45,21497.158004919176,22126.060425361316,31680.339659794554,21497.158004919176,29524.9580255202,0,0,0,0,0,1,1
20.15,85.549995,20756.09308386727,17192.000761242703,30198.019831223075,20756.09308386727,29409.718564585328,0,0,0,0,0,1,1
20.15,85.65,22989.71227842627,14026.775915190377,27603.12939072687,23111.678468028127,31797.12762353963,0,0,0,0,0,1,1
20.15,85.75,13258.683304201337,13166.059812380401,22363.031590416922,28422.166122287148,36999.843261479844,0,0,0,0,0,1,1
20.15,85.85,6427.949571795656,6453.208125017244,21371.350350639656,24829.315135218636,44009.3489781042,0,0,0,0,0,1,1
20.15,85.95,10754.934256280127,3341.6840385985897,25091.891501854632,23557.199915474725,52088.9225692866,0,0,0,0,0,1,1
20.15,86.049995,6723.848677473016,4532.253742411405,31902.15603941082,25729.80775580757,60895.658957682565,0,0,0,0,0,1,2
20.15,86.15,892.6012252035215,14392.874852562893,31440.070199715065,30670.027949784035,70158.76290228208,0,0,1,1,0,1,1
20.15,86.25,8775.738888777561,8659.503418119717,34291.35743311598,37921.49457561831,79718.18643303834,0,0,0,0,0,1,1
20.15,86.35,3516.6542008134647,5690.69122126727,39756.96582477634,46413.20775412804,89479.2566571322,0,0,0,0,0,1,1
20.15,86.45,1010.9153518367739,1893.4320448515714,46948.62417218182,55579.47630419875,99382.53281383665,0,1,0,1,0,1,1
20.15,86.549995,4188.229755079771,3594.0408506385556,55195.21137703921,65135.59046864925,109388.86790996409,0,0,0,0,0,1,1
20.15,86.65,10370.014785613244,10145.184640164665,64091.858628171234,74933.77085155305,119473.73331644053,0,0,0,0,0,1,1
20.15,86.75,16141.736900441352,14004.361150275792,73401.57273197966,84889.10095238763,129617.52173666915,0,0,0,0,0,1,1
20.15,86.85,21140.600691126674,20586.386851217463,82985.7230623736,94952.48831625057,139807.8034460834,0,0,0,0,0,1,1
20.15,86.95,29180.923602632403,27391.92438445842,92759.28179182994,105092.89905762686,150035.11494679726,0,0,0,0,0,1,1
20.15,87.049995,37577.4354405069,34723.9044605649,102667.68337094582,115289.51290394578,160291.87101666955,0,0,0,0,0,1,1
20.25,84.95,57805.45669334461,51440.46132955797,60021.15472606277,57805.45669334461,63037.23532055328,0,0,0,0,0,1,1
20.25,85.049995,54421.77406276225,48123.818576153615,55730.91764769958,54421.77406276225,55494.728629313395,0,0,0,0,0,1,1
20.25,85.15,47481.828473335096,45883.373644317675,50627.19513271794,47481.828473335096,49035.605519171935,0,0,0,0,0,1,1
20.25,85.25,40710.19550394734,44988.08089102427,46476.2945655939,40710.19550394734,44139.014187626955,0,0,0,0,0,1,1
20.25,85.35,35290.52831389066,37340.54583705674,44450.648780455726,35290.52831389066,41357.02673283339,0,0,0,0,0,1,1
20.25,85.45,32438.460353685852,31359.064406737674,42505.04579529787,32438.460353685852,40572.53128468098,0,0,0,0,0,1,1
20.25,85.549995,31824.84793477972,27520.365579303525,41267.41083744853,31824.84793477972,40464.81116670071,0,0,0,0,0,1,1
20.25,85.65,28128.13873722289,25073.67634460759,36773.68907936426,33412.45074423063,42230.39867563716,0,0,0,0,0,1,1
20.25,85.75,20944.54559905945,20911.649904003778,33022.66967950963,37911.94153524275,46315.71115575828,0,0,0,0,0,1,1
20.25,85.85,17404.275496054695,17275.731779372396,32359.5053061153,35657.182006367235,52151.87424403297,0,0,0,0,0,1,1
20.25,85.95,18297.95548124107,13267.227447744088,34935.428160578085,34623.91443239828,59205.61741236264,0,0,0,0,0,1,1
20.25,86.049995,10019.67275632848,12689.02037326181,40143.4005414469,36288.29629434748,67088.86231826784,0,0,0,0,0,1,1
20.25,86.15,6530.657987743727,11942.991686369593,42446.2321856924,40044.5104242101,75591.61366962777,0,0,0,0,0,1,1
20.25,86.25,12477.151942776807,2483.0755247998795,44609.28702941122,45832.523118811194,84533.4119234539,0,1,0,0,0,1,2
20.25,86.35,13581.488065225205,7009.276141160159,48932.95353951298,53068.792052747376,93789.00164229146,0,0,0,0,0,1,1
20.25,86.45,6458.508345557675,4658.94036665993,54932.50204431571,61241.992422998876,103274.00835898012,0,0,0,0,0,1,1
20.25,86.549995,4222.02008094186,1357.4220751104558,62123.82210813889,70024.30622664877,112930.12675755331,0,1,0,0,0,1,3
20.25,86.65,6627.103053696676,85.04271768521745,70142.27116232064,79214.55254292706,122718.29771352901,1,1,0,0,0,1,5
20.25,86.75,5937.296090704665,5382.376459662531,78734.6130077894,88684.91441021852,132608.0341553338,0,0,0,0,0,1,1
20.25,86.85,14882.979980052714,12228.76528969799,87732.64926821644,98354.82244355063,142578.59007974458,0,0,0,0,0,1,1
20.25,86.95,22435.72556104889,19686.04282409665,97023.57209335297,108170.77782236584,152614.1354236276,0,0,0,0,0,1,1
20.25,87.049995,31233.97785396894,28543.910560746925,106530.30870054319,118095.88255255137,162702.15513736385,0,0,0,0,0,1,1
20.35,84.95,68077.08194989232,61764.09150625209,70744.13699334481,68077.08194989232,70715.71873377745,0,0,0,0,0,1,1
20.35,85.049995,62703.32431312734,58725.86198599711,65209.674980472766,62703.32431312734,64087.468461341516,0,0,0,0,0,1,1
20.35,85.15,55879.48744762191,56905.06288332237,60550.80936390707,55879.48744762191,58586.77589624871,0,0,0,0,0,1,1
20.35,85.25,49922.14903767407,52556.934506900594,57127.18746618351,49922.14903767407,54556.533867534534,0,0,0,0,0,1,1
20.35,85.35,45613.030645970204,46184.31285195868,55492.31910265897,45613.030645970204,52320.43224889194,0,0,0,0,0,1,1
20.35,85.45,43445.01005804822,41500.569776388176,53374.00923103205,43445.01005804822,51629.74460207706,0,0,0,0,0,1,1
20.35,85.549995,42894.05051526076,37942.87027967691,51650.96252616156,42894.05051526076,51526.181478788276,0,0,0,0,0,1,1
20.35,85.65,36040.115799920015,35997.5299529666,46773.020468936906,44083.70217847949,52922.782335229684,0,0,0,0,0,1,1
20.35,85.75,30766.544195750106,30761.569091486625,43885.30800459089,47589.38941422409,56255.71701320039,0,0,0,0,0,1,1
20.35,85.85,28452.001352957843,27162.899947955284,43388.50014956606,46576.596260516926,61174.44265620568,0,0,0,0,0,1,1
20.35,85.95,25196.054401642865,23686.99727607434,45347.344766051356,45691.329158067274,67331.17320637037,0,0,0,0,0,1,1
20.35,86.049995,20001.037935711433,23368.03395242455,49468.34019776996,46964.059253615575,74406.20423216773,0,0,0,0,0,1,1
20.35,86.15,17592.893954629297,17655.78343006309,53477.791639492956,50114.55079193781,82164.16981183187,0,0,0,0,0,1,1
20.35,86.25,20626.229347552657,13092.52028498279,55218.301746384575,54846.94178091826,90453.38754129385,0,0,0,0,0,1,1
20.35,86.35,19935.004266016254,12422.830968574706,58764.162527043474,61019.56390514684,99152.48754479607,0,0,0,0,0,1,1
20.35,86.45,9684.634347196923,5857.123937396931,63843.21160568316,68242.64035639624,108162.57978759175,0,0,0,0,0,1,1
20.35,86.549995,2479.149163214603,3761.869051706458,70122.68371492265,76217.63492753479,117411.59614224266,0,0,0,1,0,1,1
20.35,86.65,1457.7347814013913,3055.0919415529374,77311.49853688243,84733.58224256977,126848.56672929965,0,0,0,1,0,1,5
20.35,86.75,2842.0479539457183,734.7550090704044,85178.86816437758,93641.98382876422,136433.2822933762,1,1,0,1,0,1,3
20.35,86.85,7615.1313128468855,4929.433303923176,93554.00202527123,102841.20216602641,146137.05268201025,0,0,0,0,0,1,1
20.35,86.95,17665.92189424724,14775.668444298773,102312.2812298823,112259.7693359207,155937.66276774183,0,0,0,0,0,1,1
20.35,87.049995,27999.66823274904,24902.822088666315,111362.89519531639,121846.35917210484,165817.46206997303,0,0,0,0,0,1,1
20.449999,84.95,77920.52726251568,72309.5197568858,80017.36100658383,77920.52726251568,79201.50543441583,0,0,0,0,0,1,1
20.449999,85.049995,71068.11349439228,69474.5614226273,75074.50654411691,71068.11349439228,73347.649515783,0,0,0,0,0,1,1
20.449999,85.15,64824.13605585794,67771.29477874681,70815.20171142803,64824.13605585794,68596.31906642746,0,0,0,0,0,1,1
20.449999,85.25,59768.110872762074,61201.542919000996,67912.46280730818,59768.110872762074,65189.66776575392,0,0,0,0,0,1,1
20.449999,85.35,56220.73473512407,55827.855508499764,66464.89116626147,56220.73473512407,63321.050491336566,0,0,0,0,0,1,1
20.449999,85.45,54477.23801639572,51901.962745761215,64264.998201990515,54477.23801639572,62691.45158579257,0,0,0,0,0,1,1
20.449999,85.549995,51205.26195062923,48596.816615779826,61220.91118895376,53963.39019333184,62574.65956267802,0,0,0,0,0,1,1
20.449999,85.65,45294.80746244063,45272.77884448508,57167.43317683429,54912.78113227867,63743.99546126077,0,0,0,0,0,1,1
20.449999,85.75,41213.95117007925,41224.391989354626,54830.3932145721,57768.11959255116,66539.5421007812,0,0,0,0,0,1,1
20.449999,85.85,39511.27388317018,37712.14710054905,54433.50799915855,57551.594785952206,70756.7057113068,0,0,0,0,0,1,1
20.449999,85.95,34349.079505863556,34512.71586757464,56011.245622040115,56758.99682277324,76162.9076861792,0,0,0,0,0,1,1
20.449999,86.049995,30389.308298185788,32864.35103212085,59394.828764783306,57787.56286497171,82519.53950712438,0,0,0,0,0,1,1
20.449999,86.15,28659.1776984997,26940.486798609905,64316.1802983531,60533.97681765764,89607.26118927084,0,0,0,0,0,1,1
20.449999,86.25,30613.6256176208,24025.468252477942,65971.30787363206,64503.76648917974,97276.59695117203,0,0,0,0,0,1,1
20.449999,86.35,24033.490980033854,20145.43905711989,68970.92874134958,69824.44372517952,105408.95872806729,0,0,0,0,0,1,1
20.449999,86.45,16558.665066444126,16908.319013308446,73343.67801956773,76213.53428035356,113919.93146467464,0,0,0,0,0,1,1
20.449999,86.549995,12588.44354117734,14138.594639532903,78866.786437675,83425.49994503727,122730.30169270976,0,0,0,0,0,1,1
20.449999,86.65,4330.740505442128,6333.644334860174,85317.93080285272,91266.47561129575,131781.26663752453,0,0,0,0,0,1,1
20.449999,86.75,2265.0275375024385,1793.219344829796,92502.35647266747,99587.02945567483,141025.33734909445,0,1,0,1,0,2,1
20.449999,86.85,10413.44535059781,4180.929764267207,100262.78011117612,108276.94146484982,150427.28420350447,0,0,0,0,0,1,1
20.449999,86.95,19121.617202033147,14168.438373105697,108475.64990626642,117254.12181126438,159959.27992794814,0,0,0,0,0,1,1
20.449999,87.049995,25816.05502429534,23982.097280891452,117045.33611437301,126456.95254362318,169598.92914257344,0,0,0,0,0,1,1
20.55,84.95,86263.25614156111,82938.9112120465,89660.91704531317,86263.25614156111,88262.33408701871,0,0,0,0,0,1,1
20.55,85.049995,79843.62388733517,80311.38396987478,85026.06676237467,79843.62388733517,83052.61591326208,0,0,0,0,0,1,1
20.55,85.15,74343.65668993993,76295.41375725783,81291.8524719074,74343.65668993993,78890.26920617346,0,0,0,0,0,1,1
20.55,85.25,69981.3012791167,70527.73335475815,78777.27693125056,69981.3012791167,75948.23720070801,0,0,0,0,0,1,1
20.55,85.35,66978.6007004522,65921.42123781056,77173.89864029169,66978.6007004522,74342.70003878955,0,0,0,0,0,1,1
20.55,85.45,65522.51254453277,62295.944944375005,75208.54106970454,65522.51254453277,73755.9679233431,0,0,0,0,0,1,1
20.55,85.549995,60161.80115161785,59403.181771558084,71226.86271579097,65033.13557757646,73626.32883953191,0,0,0,0,0,1,1
20.55,85.65,55221.51383467421,55213.162951375205,67775.48412074898,65822.17054983685,74638.35852905124,0,0,0,0,0,1,1
20.55,85.75,51915.39699749841,51598.25967923768,65817.14336821136,68220.56492149351,77037.71344277677,0,0,0,0,0,1,1
20.55,85.85,49212.03536336341,47949.84852553892,65486.765967815925,68556.9286178082,80720.52158621194,0,0,0,0,0,1,1
20.55,85.95,44383.531067504824,45455.59771211218,66804.97483023323,67827.13288625905,85503.6745966168,0,0,0,0,0,1,1
20.55,86.049995,40991.53759876199,41700.24937032644,69666.52032853894,68689.33812468138,91220.41242108734,0,0,0,0,0,1,1
20.55,86.15,39726.47131286926,37213.558297238334,73904.14358099486,71092.71593158401,97711.52160118494,0,0,0,0,0,1,1
20.55,86.25,39034.15239312376,35041.55998065635,76813.16488482931,74554.0973204919,104805.86101767868,0,0,0,0,0,1,1
20.55,86.35,31666.702431567443,30038.70190129531,79408.88989006885,79199.37263001721,112409.633422496,0,0,0,0,0,1,1
20.55,86.45,26449.02032812906,27298.626647609424,83232.50148714536,84882.0523665679,120421.72816227852,0,0,0,0,0,1,1
20.55,86.549995,18430.066122539283,21536.770036325754,88134.8862523493,91408.47114986574,128782.74765326593,0,0,0,0,0,1,1
20.55,86.65,9073.247124203293,12339.307368385023,93948.03846451305,98612.17361641236,137430.2043087218,0,0,0,0,0,1,1
20.55,86.75,2613.681661889459,4043.783187407881,100513.3303549861,106354.7203547876,146312.18969172973,0,0,0,1,0,1,1
20.55,86.85,10247.831758811573,2980.7734625789617,107693.50141663167,114527.14628835344,155388.8466477841,0,1,0,0,0,1,2
20.55,86.95,12514.870952895044,8987.111988813467,115373.80928019164,123043.82764417028,164627.98757405268,0,0,0,0,0,1,1
20.55,87.049995,15513.480410969756,14710.777979475937,123460.54676354848,131837.63036929368,174003.27471725974,0,0,0,0,0,1,1
20.65,84.95,94922.10577816315,93525.75032499457,99533.61695158757,94922.10577816315,97738.23468353102,0,0,0,0,0,1,1
20.65,85.049995,89131.77214607775,91204.72042403682,95225.19187390221,89131.77214607775,93063.1386698754,0,0,0,0,0,1,1
20.65,85.15,84243.22628245586,85405.80116993542,91908.00804559779,84243.22628245586,89370.21484090052,0,0,0,0,0,1,1
20.65,85.25,80421.75936550484,80298.21465391389,89692.52935870126,80421.75936550484,86785.4106610873,0,0,0,0,0,1,1
20.65,85.35,77824.20232895594,76279.26325323712,87972.42453756412,77824.20232895594,85365.18876254486,0,0,0,0,0,1,1
20.65,85.45,75163.55469813579,72751.45714226809,85679.67377710395,76575.00627811108,84821.99735697772,0,0,0,0,0,1,1
20.65,85.549995,69727.76767351218,69709.0848922565,81508.23348767511,76102.92832161492,84682.78661957211,0,0,0,0,0,1,1
20.65,85.65,65514.30941439244,65515.26149735689,78510.95181977708,76777.46445563577,85577.7450136954,0,0,0,0,0,1,1
20.65,85.75,62744.46557675823,61940.85030064314,76827.50491254684,78841.62725242453,87676.54556450278,0,0,0,0,0,1,1
20.65,85.85,58792.921385998525,58473.65884001562,76544.51889077136,79529.75111429031,90933.98241377418,0,0,0,0,0,1,1
20.65,85.95,54765.74932748823,56447.418368075334,77676.09316666854,78895.3544298337,95208.49868568781,0,0,0,0,0,1,1
20.65,86.049995,51789.02103470905,51407.6754339818,80150.63375297353,79637.06311702226,100385.54763348002,0,0,0,0,0,1,1
20.65,86.15,50794.0100347645,47842.410746499365,83857.54465126095,81717.5171470021,106317.58197202982,0,0,0,0,0,1,1
20.65,86.25,46834.55730900785,44510.04063325214,87711.47721226508,84858.05688382305,112901.24408717132,0,0,0,0,0,1,1
20.65,86.35,40901.317873329186,40543.53990911157,89997.44897722847,88964.15260171215,120001.14581938494,0,0,0,0,0,1,1
20.65,86.45,32534.176443177024,35593.008549658036,93386.20866471346,94055.34665456833,127554.04966266823,0,0,0,0,0,1,1
20.65,86.549995,23397.331701287974,25178.002798325353,97777.91683917653,99980.90734033706,135470.5016457621,0,0,0,0,0,1,1
20.65,86.65,15915.009407863785,14764.77709472106,103045.07468670816,106602.64504450932,143710.8273150685,0,0,0,0,0,1,1
20.65,86.75,9865.127036459291,4374.177591074813,109060.24142933663,113798.25051435537,152221.3531632465,0,0,0,0,0,1,1
20.65,86.85,299.32321505032945,534.1181426389626,115707.01209230225,121466.03156764767,160959.56736451216,1,1,1,1,0,1,3
20.65,86.95,1926.981576807714,252.6422938065217,122882.93820575635,129522.15866577982,169890.34869027179,1,1,0,1,0,1,2
20.65,87.049995,6745.4571608524475,5599.855572321782,130500.37565622189,137898.17094814903,178984.42968260136,0,0,0,0,0,1,1
20.75,84.95,104039.57825019244,104213.63931965666,109499.24491363499,104039.57825019244,107519.62227319913,0,0,0,0,0,1,1
20.75,85.049995,98788.16966993523,100381.48104650325,105600.28295008223,98788.16966993523,103290.52257088955,0,0,0,0,0,1,1
20.75,85.15,94403.46621514598,94933.92299963615,102620.49328667938,94403.46621514598,99977.79386341387,0,0,0,0,0,1,1
20.75,85.25,91011.41596498544,90369.10098376036,100641.9241005359,91011.41596498544,97675.14133094905,0,0,0,0,0,1,1
20.75,85.35,88725.48567509945,86671.15148045459,98831.24347041527,88725.48567509945,96385.18512486383,0,0,0,0,0,1,1
20.75,85.45,84478.96391900572,83365.86131333416,95687.13989193276,87632.10342931486,95889.13142814342,0,0,0,0,0,1,1
20.75,85.549995,79684.08683534636,79674.48502832999,91972.32268336393,87172.8664480429,95742.48949177653,0,0,0,0,0,1,1
20.75,85.65,76017.50483571434,76026.78572136398,89328.02305468934,87761.5891712063,96546.96663924798,0,0,0,0,0,1,1
20.75,85.75,73521.93270762892,72350.71600072214,87852.71687558104,89571.45785233338,98410.54270248828,0,0,0,0,0,1,1
20.75,85.85,68821.65683540152,69167.8236816879,87605.18122590978,90520.54610848571,101321.27960904178,0,0,0,0,0,1,1
20.75,85.95,65180.689659758056,66051.04463540882,88595.30040381338,89963.7465359284,105183.21994900692,0,0,0,0,0,1,1
20.75,86.049995,62681.05343890012,61575.92259747184,90773.7090819214,90614.20075205786,109888.08980131823,0,0,0,0,0,1,1
20.75,86.15,61861.781819155396,58571.82940702833,94060.55284671519,92446.5197374376,115344.559873921,0,0,0,0,0,1,1
20.75,86.25,55751.83728087702,54473.64891086681,98350.27750579883,95333.5528468046,121437.15524813568,0,0,0,0,0,1,1
20.75,86.35,46912.28449933219,47441.228163996835,100687.95394218595,99003.60426488255,128088.32352511828,0,0,0,0,0,1,1
20.75,86.45,38375.45614640092,37432.72107259528,103727.15114478186,103599.51893548566,135192.65301871393,0,0,0,0,0,1,1
20.75,86.549995,30161.883159650075,27725.281553545126,107695.31714195244,109003.92197355044,142704.35048281046,0,0,0,0,0,1,1
20.75,86.65,19793.499362288057,18283.564284654356,112495.92245519675,115103.7804281905,150544.1704365755,0,0,0,0,0,1,1
20.75,86.75,9520.337381379886,10098.76231488107,118026.81387429702,121793.85671329347,158683.39172965998,0,0,0,0,0,1,1
20.75,86.85,2320.5326266098955,3944.236648376407,124190.64001983084,128982.58050865844,167078.59328033746,0,0,0,1,0,2,3
20.75,86.95,1739.458293497461,1908.5833993673639,130898.01875011683,136591.24615114203,175693.0920346164,0,1,0,1,0,2,2
20.75,87.049995,6913.973398693639,3312.5140668021604,138069.39487950774,144553.16114061818,184495.7414644761,0,0,0,0,0,1,1
20.85,84.95,113505.24434448997,114974.43638069462,119659.61862467161,113505.24434448997,117530.28412141555,0,0,0,0,0,1,1
20.85,85.049995,108714.77085620562,109723.67598080687,116104.21159838072,108714.77085620562,113676.2859055464,0,0,0,0,0,1,1
20.85,85.15,104748.59069027868,104765.90541181376,113402.0483253166,104748.59069027868,110676.3509385773,0,0,0,0,0,1,1
20.85,85.25,101703.7173435102,100650.29958604251,111615.45044977525,101703.7173435102,108596.46326853716,0,0,0,0,0,1,1
20.85,85.35,99364.78294194624,97064.06349626469,109697.78406582732,99664.22242819643,107415.7371003574,0,0,0,0,0,1,1
20.85,85.45,94174.93959102614,94085.43991811405,105906.31422055287,98692.2987874746,106936.7103181352,0,0,0,0,0,1,1
20.85,85.549995,89901.206803571,89898.67588271872,102563.52513482103,98242.94321559626,106804.46839431078,0,0,0,0,0,1,1
20.85,85.65,86661.81984681648,86303.43868950281,100200.31470883757,98764.96826060841,107536.93277508423,0,0,0,0,0,1,1
20.85,85.75,83246.22210356979,82731.17094850389,98887.85477320464,100375.22349770677,109211.68669371454,0,0,0,0,0,1,1
20.85,85.85,79127.37047296163,79964.07668333649,98667.81727604207,101528.39127728595,111839.63544664535,0,0,0,0,0,1,1
20.85,85.95,75764.02204675293,75870.03263744657,99547.34036912033,101032.29504229399,115355.56701129487,0,0,0,0,0,1,1
20.85,86.049995,73625.74212880187,72010.10148764362,101491.53559448256,101611.26083172589,119660.34012041111,0,0,0,0,0,1,1
20.85,86.15,70464.78003209853,68940.9714092356,104440.0802396513,103247.28555959076,124690.51572659344,0,0,0,0,0,1,1
20.85,86.25,61674.58166584989,60787.53452150015,108316.812141186,105891.15471557227,130353.3050074963,0,0,0,0,0,1,1
20.85,86.35,52591.64774580309,51277.94948495956,111448.78848144198,109242.06515034,136570.2721790892,0,0,0,0,0,1,1
20.85,86.45,42602.75526646915,41853.14450653375,114204.51664450021,113421.01940318785,143273.0615748273,0,0,0,0,0,1,1
20.85,86.549995,32875.446781214516,32956.4253686984,117817.8581400818,118374.56099458934,150379.70290224694,0,0,0,0,0,1,1
20.85,86.65,22980.213281868007,23076.476727455243,122218.56643349421,124010.63819506868,157857.4802286012,0,0,0,0,0,1,1
20.85,86.75,13496.798902697883,13584.616321317486,127324.4508346232,130239.93348949874,165633.63427849213,0,0,0,0,0,1,1
20.85,86.85,6459.252568226832,4763.804618531895,133054.523115366,136981.76371005792,173688.00847268855,0,0,0,0,0,1,1
20.85,86.95,6653.436498209828,2449.979014123872,139331.79434579637,144164.24296242092,181984.55686630117,0,1,0,0,0,1,1
20.85,87.049995,11928.344779761359,7995.67106504812,146085.4013742217,151724.42759458112,190491.22258230942,0,0,0,0,0,1,1
