storm_id,datetime_utc,RI_24h,split
1982-001,1982-05-01 03:00:00,0.0,test
1982-001,1982-05-01 06:00:00,0.0,test
1982-001,1982-05-01 12:00:00,0.0,test
1982-001,1982-05-01 18:00:00,0.0,test
1982-001,1982-05-02 00:00:00,0.0,test
1982-001,1982-05-02 03:00:00,0.0,test
1982-001,1982-05-02 06:00:00,1.0,test
1982-001,1982-05-02 12:00:00,1.0,test
1982-001,1982-05-02 18:00:00,1.0,test
1982-001,1982-05-03 00:00:00,1.0,test
1982-001,1982-05-03 03:00:00,1.0,test
1982-001,1982-05-03 06:00:00,1.0,test
1982-001,1982-05-03 12:00:00,0.0,test
1982-001,1982-05-03 18:00:00,0.0,test
1982-001,1982-05-04 03:00:00,0.0,test
1982-002,1982-05-31 12:00:00,0.0,train
1982-002,1982-05-31 18:00:00,0.0,train
1982-002,1982-06-01 00:00:00,0.0,train
1982-002,1982-06-01 03:00:00,0.0,train
1982-002,1982-06-01 06:00:00,0.0,train
1982-002,1982-06-01 12:00:00,0.0,train
1982-002,1982-06-01 18:00:00,0.0,train
1982-002,1982-06-02 00:00:00,0.0,train
1982-002,1982-06-02 03:00:00,0.0,train
1982-002,1982-06-02 06:00:00,1.0,train
1982-002,1982-06-02 12:00:00,1.0,train
1982-002,1982-06-02 18:00:00,1.0,train
1982-002,1982-06-03 00:00:00,0.0,train
1982-002,1982-06-03 03:00:00,0.0,train
1982-002,1982-06-03 06:00:00,0.0,train
1982-002,1982-06-03 12:00:00,0.0,train
1982-002,1982-06-03 18:00:00,0.0,train
1982-002,1982-06-04 00:00:00,0.0,train
1982-002,1982-06-04 03:00:00,0.0,train
1982-003,1982-07-18 03:00:00,0.0,test
1982-003,1982-07-18 12:00:00,0.0,test
1982-003,1982-07-19 00:00:00,0.0,test
1982-005,1982-08-18 03:00:00,0.0,test
1982-005,1982-08-18 12:00:00,0.0,test
1982-006,1982-08-27 03:00:00,0.0,test
1982-006,1982-08-27 12:00:00,0.0,test
1982-006,1982-08-28 03:00:00,0.0,test
1982-006,1982-08-28 12:00:00,0.0,test
1982-006,1982-08-29 03:00:00,0.0,test
1982-006,1982-08-29 12:00:00,0.0,test
1982-006,1982-08-30 03:00:00,0.0,test
1982-006,1982-08-30 12:00:00,0.0,test
1982-006,1982-08-31 03:00:00,0.0,test
1982-006,1982-08-31 12:00:00,0.0,test
1982-006,1982-09-01 03:00:00,0.0,test
1982-006,1982-09-01 12:00:00,0.0,test
1982-007,1982-09-09 03:00:00,0.0,train
1982-009,1982-10-15 03:00:00,0.0,train
1982-009,1982-10-15 12:00:00,0.0,train
1982-009,1982-10-15 18:00:00,0.0,train
1982-010,1982-10-16 12:00:00,0.0,train
1982-010,1982-10-17 12:00:00,0.0,train
1982-010,1982-10-17 18:00:00,0.0,train
1982-010,1982-10-18 00:00:00,0.0,train
1982-010,1982-10-18 03:00:00,0.0,train
1982-010,1982-10-18 12:00:00,0.0,train
1982-010,1982-10-19 03:00:00,0.0,train
1982-010,1982-10-19 12:00:00,0.0,train
1982-010,1982-10-20 03:00:00,0.0,train
1982-010,1982-10-20 12:00:00,0.0,train
1982-011,1982-11-28 03:00:00,0.0,validation
1982-012,1982-12-02 12:00:00,0.0,train
1983-002,1983-06-24 03:00:00,0.0,train
1983-002,1983-06-24 12:00:00,0.0,train
1983-002,1983-06-24 18:00:00,0.0,train
1983-002,1983-06-25 03:00:00,0.0,train
1983-002,1983-06-25 12:00:00,0.0,train
1983-002,1983-06-26 03:00:00,0.0,train
1983-002,1983-06-26 12:00:00,0.0,train
1983-005,1983-10-14 03:00:00,1.0,train
1983-005,1983-10-14 12:00:00,0.0,train
1983-006,1983-11-06 03:00:00,0.0,train
1983-006,1983-11-06 12:00:00,0.0,train
1983-006,1983-11-07 03:00:00,0.0,train
1983-006,1983-11-07 12:00:00,1.0,train
1983-006,1983-11-08 03:00:00,0.0,train
1984-002,1984-07-31 03:00:00,0.0,test
1984-002,1984-07-31 12:00:00,0.0,test
1984-002,1984-08-01 03:00:00,0.0,test
1984-002,1984-08-01 12:00:00,0.0,test
1984-002,1984-08-02 03:00:00,0.0,test
1984-002,1984-08-02 12:00:00,0.0,test
1984-002,1984-08-03 03:00:00,0.0,test
1984-002,1984-08-03 12:00:00,0.0,test
1984-002,1984-08-04 03:00:00,0.0,test
1984-002,1984-08-04 12:00:00,0.0,test
1984-002,1984-08-05 03:00:00,0.0,test
1984-002,1984-08-05 12:00:00,0.0,test
1984-002,1984-08-06 03:00:00,0.0,test
1984-002,1984-08-06 12:00:00,0.0,test
1984-003,1984-08-15 03:00:00,0.0,train
1984-003,1984-08-15 12:00:00,0.0,train
1984-003,1984-08-16 03:00:00,0.0,train
1984-003,1984-08-16 12:00:00,0.0,train
1984-003,1984-08-17 03:00:00,0.0,train
1984-003,1984-08-17 12:00:00,0.0,train
1984-003,1984-08-18 03:00:00,0.0,train
1984-003,1984-08-18 12:00:00,0.0,train
1984-004,1984-10-13 03:00:00,1.0,train
1984-004,1984-10-13 12:00:00,0.0,train
1984-004,1984-10-14 03:00:00,0.0,train
1984-004,1984-10-14 12:00:00,0.0,train
1984-005,1984-11-09 12:00:00,0.0,train
1984-005,1984-11-10 03:00:00,0.0,train
1984-005,1984-11-10 12:00:00,0.0,train
1984-005,1984-11-11 03:00:00,0.0,train
1984-005,1984-11-11 12:00:00,1.0,train
1984-005,1984-11-12 03:00:00,1.0,train
1984-005,1984-11-12 12:00:00,0.0,train
1984-005,1984-11-13 03:00:00,0.0,train
1984-005,1984-11-13 12:00:00,0.0,train
1984-006,1984-11-27 12:00:00,0.0,train
1984-006,1984-11-30 03:00:00,0.0,train
1984-006,1984-12-01 03:00:00,0.0,train
1985-001,1985-05-22 03:00:00,0.0,validation
1985-001,1985-05-23 03:00:00,0.0,validation
1985-001,1985-05-24 03:00:00,0.0,validation
1985-001,1985-05-24 12:00:00,0.0,validation
1985-001,1985-05-24 18:00:00,0.0,validation
1985-004,1985-08-06 03:00:00,0.0,train
1985-004,1985-08-06 12:00:00,0.0,train
1985-004,1985-08-07 03:00:00,0.0,train
1985-004,1985-08-07 12:00:00,0.0,train
1985-004,1985-08-08 03:00:00,0.0,train
1985-006,1985-09-19 03:00:00,0.0,test
1985-006,1985-09-19 12:00:00,0.0,test
1985-006,1985-09-19 18:00:00,0.0,test
1985-006,1985-09-20 00:00:00,0.0,test
1985-006,1985-09-20 03:00:00,0.0,test
1985-006,1985-09-20 12:00:00,0.0,test
1985-007,1985-10-01 03:00:00,0.0,validation
1985-009,1985-10-09 03:00:00,0.0,train
1985-009,1985-10-10 03:00:00,0.0,train
1985-009,1985-10-12 12:00:00,0.0,train
1985-010,1985-10-13 12:00:00,0.0,train
1985-010,1985-10-14 03:00:00,0.0,train
1985-010,1985-10-14 12:00:00,0.0,train
1985-010,1985-10-15 03:00:00,0.0,train
1985-010,1985-10-16 03:00:00,0.0,train
1985-012,1985-11-15 12:00:00,0.0,test
1985-012,1985-11-16 12:00:00,0.0,test
1985-013,1985-12-11 12:00:00,0.0,test
1985-013,1985-12-12 03:00:00,0.0,test
1985-013,1985-12-12 12:00:00,0.0,test
1985-013,1985-12-13 03:00:00,0.0,test
1986-001,1986-01-07 12:00:00,0.0,train
1986-004,1986-08-10 12:00:00,0.0,validation
1986-004,1986-08-11 03:00:00,0.0,validation
1986-004,1986-08-11 12:00:00,0.0,validation
1986-004,1986-08-12 03:00:00,0.0,validation
1986-004,1986-08-12 12:00:00,0.0,validation
1986-004,1986-08-13 03:00:00,0.0,validation
1986-004,1986-08-13 12:00:00,0.0,validation
1986-005,1986-08-19 03:00:00,0.0,validation
1986-005,1986-08-19 12:00:00,0.0,validation
1986-006,1986-09-24 03:00:00,0.0,train
1986-006,1986-09-25 03:00:00,0.0,train
1986-006,1986-09-25 12:00:00,0.0,train
1986-007,1986-11-07 03:00:00,0.0,train
1986-007,1986-11-07 12:00:00,0.0,train
1986-007,1986-11-08 03:00:00,0.0,train
1986-007,1986-11-08 12:00:00,0.0,train
1987-001,1987-01-30 03:00:00,0.0,train
1987-001,1987-01-30 12:00:00,0.0,train
1987-001,1987-01-31 00:00:00,0.0,train
1987-001,1987-01-31 03:00:00,0.0,train
1987-001,1987-01-31 06:00:00,1.0,train
1987-001,1987-01-31 12:00:00,0.0,train
1987-001,1987-02-01 00:00:00,0.0,train
1987-001,1987-02-01 06:00:00,0.0,train
1987-001,1987-02-01 12:00:00,0.0,train
1987-001,1987-02-02 00:00:00,0.0,train
1987-001,1987-02-02 12:00:00,0.0,train
1987-001,1987-02-03 00:00:00,0.0,train
1987-001,1987-02-03 03:00:00,0.0,train
1987-001,1987-02-03 12:00:00,0.0,train
1987-002,1987-06-01 03:00:00,0.0,train
1987-002,1987-06-01 12:00:00,0.0,train
1987-002,1987-06-02 03:00:00,0.0,train
1987-002,1987-06-02 12:00:00,0.0,train
1987-002,1987-06-03 03:00:00,0.0,train
1987-002,1987-06-03 12:00:00,0.0,train
1987-002,1987-06-04 03:00:00,0.0,train
1987-002,1987-06-04 06:00:00,0.0,train
1987-003,1987-08-26 03:00:00,0.0,test
1987-003,1987-08-26 12:00:00,0.0,test
1987-003,1987-08-27 03:00:00,0.0,test
1987-003,1987-08-27 12:00:00,0.0,test
1987-003,1987-08-28 03:00:00,0.0,test
1987-003,1987-08-28 12:00:00,0.0,test
1987-004,1987-09-11 12:00:00,0.0,train
1987-005,1987-09-15 03:00:00,0.0,train
1987-005,1987-09-15 12:00:00,0.0,train
1987-006,1987-10-14 03:00:00,0.0,train
1987-006,1987-10-14 12:00:00,0.0,train
1987-006,1987-10-15 03:00:00,0.0,train
1987-006,1987-10-15 12:00:00,0.0,train
1987-006,1987-10-16 03:00:00,0.0,train
1987-006,1987-10-16 12:00:00,0.0,train
1987-006,1987-10-17 03:00:00,0.0,train
1987-006,1987-10-17 12:00:00,0.0,train
1987-006,1987-10-18 03:00:00,0.0,train
1987-006,1987-10-18 12:00:00,0.0,train
1987-007,1987-10-31 03:00:00,0.0,test
1987-007,1987-10-31 12:00:00,0.0,test
1987-007,1987-10-31 18:00:00,0.0,test
1987-007,1987-11-01 00:00:00,0.0,test
1987-007,1987-11-01 03:00:00,0.0,test
1987-007,1987-11-01 12:00:00,0.0,test
1987-007,1987-11-01 18:00:00,0.0,test
1987-007,1987-11-02 00:00:00,0.0,test
1987-007,1987-11-02 03:00:00,0.0,test
1987-007,1987-11-02 06:00:00,0.0,test
1987-007,1987-11-02 12:00:00,0.0,test
1987-008,1987-11-11 06:00:00,0.0,validation
1987-008,1987-11-11 12:00:00,1.0,validation
1987-008,1987-11-11 18:00:00,0.0,validation
1987-008,1987-11-12 00:00:00,0.0,validation
1987-008,1987-11-12 03:00:00,0.0,validation
1987-008,1987-11-12 06:00:00,0.0,validation
1987-009,1987-12-19 12:00:00,0.0,train
1987-009,1987-12-19 18:00:00,0.0,train
1987-009,1987-12-20 00:00:00,0.0,train
1987-009,1987-12-20 03:00:00,0.0,train
1987-009,1987-12-20 12:00:00,0.0,train
1987-009,1987-12-20 18:00:00,0.0,train
1987-009,1987-12-21 00:00:00,0.0,train
1987-009,1987-12-21 03:00:00,0.0,train
1987-009,1987-12-21 06:00:00,0.0,train
1987-009,1987-12-21 12:00:00,0.0,train
1987-009,1987-12-21 18:00:00,0.0,train
1988-001,1988-06-08 12:00:00,0.0,train
1988-001,1988-06-09 03:00:00,0.0,train
1988-003,1988-07-17 03:00:00,0.0,train
1988-003,1988-07-17 12:00:00,0.0,train
1988-004,1988-08-02 03:00:00,0.0,train
1988-004,1988-08-02 12:00:00,0.0,train
1988-004,1988-08-03 03:00:00,0.0,train
1988-004,1988-08-03 12:00:00,0.0,train
1988-004,1988-08-04 03:00:00,0.0,train
1988-004,1988-08-04 12:00:00,0.0,train
1988-004,1988-08-05 03:00:00,0.0,train
1988-005,1988-10-01 03:00:00,0.0,train
1988-005,1988-10-01 12:00:00,0.0,train
1988-005,1988-10-02 03:00:00,0.0,train
1988-007,1988-11-15 03:00:00,0.0,train
1988-007,1988-11-15 12:00:00,0.0,train
1988-008,1988-11-23 12:00:00,0.0,train
1988-008,1988-11-24 03:00:00,1.0,train
1988-008,1988-11-24 12:00:00,1.0,train
1988-008,1988-11-25 06:00:00,0.0,train
1988-008,1988-11-25 12:00:00,0.0,train
1988-008,1988-11-27 03:00:00,0.0,train
1988-008,1988-11-28 03:00:00,0.0,train
1988-009,1988-12-06 12:00:00,0.0,validation
1988-009,1988-12-07 03:00:00,0.0,validation
1988-009,1988-12-07 12:00:00,0.0,validation
1989-001,1989-05-23 03:00:00,1.0,train
1989-001,1989-05-23 12:00:00,0.0,train
1989-001,1989-05-24 03:00:00,0.0,train
1989-001,1989-05-25 03:00:00,1.0,train
1989-001,1989-05-26 03:00:00,0.0,train
1989-001,1989-05-26 12:00:00,0.0,train
1989-003,1989-06-12 03:00:00,0.0,train
1989-003,1989-06-12 12:00:00,0.0,train
1989-003,1989-06-13 03:00:00,0.0,train
1989-003,1989-06-13 12:00:00,0.0,train
1989-005,1989-07-21 12:00:00,0.0,train
1989-005,1989-07-22 03:00:00,0.0,train
1989-005,1989-07-22 12:00:00,0.0,train
1989-005,1989-07-23 03:00:00,0.0,train
1989-005,1989-07-23 12:00:00,0.0,train
1989-005,1989-07-24 03:00:00,0.0,train
1989-005,1989-07-24 12:00:00,0.0,train
1989-006,1989-08-16 03:00:00,0.0,validation
1989-006,1989-08-16 12:00:00,0.0,validation
1989-007,1989-10-17 03:00:00,0.0,test
1989-008,1989-11-01 03:00:00,0.0,train
1989-008,1989-11-01 12:00:00,0.0,train
1989-008,1989-11-02 03:00:00,0.0,train
1989-008,1989-11-03 03:00:00,1.0,train
1989-008,1989-11-04 12:00:00,0.0,train
1989-008,1989-11-08 03:00:00,0.0,train
1989-010,1989-11-16 12:00:00,0.0,train
1989-010,1989-11-17 03:00:00,0.0,train
1989-010,1989-11-17 12:00:00,0.0,train
1989-010,1989-11-18 03:00:00,0.0,train
1989-010,1989-11-18 12:00:00,0.0,train
1989-010,1989-11-19 03:00:00,0.0,train
1990-001,1990-05-04 06:00:00,0.0,train
1990-001,1990-05-04 12:00:00,0.0,train
1990-001,1990-05-04 18:00:00,1.0,train
1990-001,1990-05-05 00:00:00,0.0,train
1990-001,1990-05-05 06:00:00,1.0,train
1990-001,1990-05-05 12:00:00,1.0,train
1990-001,1990-05-05 18:00:00,0.0,train
1990-001,1990-05-06 00:00:00,1.0,train
1990-001,1990-05-06 06:00:00,1.0,train
1990-001,1990-05-06 12:00:00,1.0,train
1990-001,1990-05-06 18:00:00,0.0,train
1990-001,1990-05-07 00:00:00,1.0,train
1990-001,1990-05-07 06:00:00,0.0,train
1990-001,1990-05-07 12:00:00,0.0,train
1990-001,1990-05-07 18:00:00,0.0,train
1990-001,1990-05-08 00:00:00,0.0,train
1990-001,1990-05-08 06:00:00,0.0,train
1990-001,1990-05-08 12:00:00,0.0,train
1990-001,1990-05-08 18:00:00,0.0,train
1990-001,1990-05-09 00:00:00,0.0,train
1990-001,1990-05-09 06:00:00,0.0,train
1990-001,1990-05-09 12:00:00,0.0,train
1990-002,1990-06-13 12:00:00,0.0,train
1990-002,1990-06-13 18:00:00,0.0,train
1990-002,1990-06-14 00:00:00,0.0,train
1990-002,1990-06-14 06:00:00,0.0,train
1990-003,1990-08-14 12:00:00,0.0,test
1990-003,1990-08-14 18:00:00,0.0,test
1990-003,1990-08-15 00:00:00,0.0,test
1990-003,1990-08-15 06:00:00,0.0,test
1990-003,1990-08-15 12:00:00,0.0,test
1990-003,1990-08-15 18:00:00,0.0,test
1990-003,1990-08-16 00:00:00,0.0,test
1990-004,1990-08-20 06:00:00,0.0,train
1990-004,1990-08-20 12:00:00,0.0,train
1990-004,1990-08-20 18:00:00,0.0,train
1990-004,1990-08-21 00:00:00,0.0,train
1990-004,1990-08-21 06:00:00,0.0,train
1990-004,1990-08-21 12:00:00,0.0,train
1990-004,1990-08-21 18:00:00,0.0,train
1990-004,1990-08-22 00:00:00,0.0,train
1990-004,1990-08-22 06:00:00,0.0,train
1990-004,1990-08-22 12:00:00,0.0,train
1990-004,1990-08-22 18:00:00,0.0,train
1990-004,1990-08-23 00:00:00,0.0,train
1990-004,1990-08-23 06:00:00,0.0,train
1990-004,1990-08-23 12:00:00,0.0,train
1990-005,1990-09-03 06:00:00,0.0,train
1990-005,1990-09-03 12:00:00,0.0,train
1990-005,1990-09-03 18:00:00,0.0,train
1990-006,1990-10-06 18:00:00,0.0,validation
1990-006,1990-10-07 00:00:00,0.0,validation
1990-006,1990-10-07 06:00:00,0.0,validation
1990-006,1990-10-07 12:00:00,0.0,validation
1990-007,1990-10-31 12:00:00,0.0,train
1990-007,1990-10-31 18:00:00,0.0,train
1990-007,1990-11-01 00:00:00,0.0,train
1990-007,1990-11-01 06:00:00,0.0,train
1990-007,1990-11-01 12:00:00,0.0,train
1990-007,1990-11-01 18:00:00,0.0,train
1990-007,1990-11-02 00:00:00,0.0,train
1990-007,1990-11-02 06:00:00,0.0,train
1990-007,1990-11-02 12:00:00,0.0,train
1990-007,1990-11-02 18:00:00,0.0,train
1990-007,1990-11-03 00:00:00,0.0,train
1990-007,1990-11-03 06:00:00,0.0,train
1990-010,1990-12-14 12:00:00,0.0,train
1990-010,1990-12-14 18:00:00,0.0,train
1990-010,1990-12-15 00:00:00,0.0,train
1990-010,1990-12-15 06:00:00,0.0,train
1990-010,1990-12-15 12:00:00,0.0,train
1990-010,1990-12-15 18:00:00,0.0,train
1990-010,1990-12-16 00:00:00,0.0,train
1990-010,1990-12-16 06:00:00,0.0,train
1990-010,1990-12-16 12:00:00,0.0,train
1990-010,1990-12-16 18:00:00,0.0,train
1990-010,1990-12-17 00:00:00,0.0,train
1990-010,1990-12-17 06:00:00,0.0,train
1990-010,1990-12-17 12:00:00,0.0,train
1991-001,1991-04-24 12:00:00,0.0,train
1991-001,1991-04-24 18:00:00,0.0,train
1991-001,1991-04-25 00:00:00,0.0,train
1991-001,1991-04-25 06:00:00,0.0,train
1991-001,1991-04-25 12:00:00,0.0,train
1991-001,1991-04-25 18:00:00,0.0,train
1991-001,1991-04-26 00:00:00,0.0,train
1991-001,1991-04-26 06:00:00,0.0,train
1991-001,1991-04-26 12:00:00,0.0,train
1991-001,1991-04-26 18:00:00,0.0,train
1991-001,1991-04-27 00:00:00,0.0,train
1991-001,1991-04-27 06:00:00,0.0,train
1991-001,1991-04-27 12:00:00,0.0,train
1991-001,1991-04-27 18:00:00,1.0,train
1991-001,1991-04-28 00:00:00,1.0,train
1991-001,1991-04-28 06:00:00,0.0,train
1991-001,1991-04-28 12:00:00,0.0,train
1991-001,1991-04-28 18:00:00,0.0,train
1991-001,1991-04-29 00:00:00,0.0,train
1991-002,1991-05-31 06:00:00,0.0,train
1991-002,1991-05-31 12:00:00,0.0,train
1991-002,1991-05-31 18:00:00,0.0,train
1991-002,1991-06-01 00:00:00,0.0,train
1991-002,1991-06-01 06:00:00,0.0,train
1991-003,1991-07-27 06:00:00,0.0,train
1991-003,1991-07-27 12:00:00,0.0,train
1991-003,1991-07-27 18:00:00,0.0,train
1991-003,1991-07-28 00:00:00,0.0,train
1991-003,1991-07-28 06:00:00,0.0,train
1991-003,1991-07-28 12:00:00,0.0,train
1991-003,1991-07-28 18:00:00,0.0,train
1991-003,1991-07-29 00:00:00,0.0,train
1991-003,1991-07-29 06:00:00,0.0,train
1991-003,1991-07-29 12:00:00,0.0,train
1991-003,1991-07-29 18:00:00,0.0,train
1991-003,1991-07-30 00:00:00,0.0,train
1991-003,1991-07-30 06:00:00,0.0,train
1991-003,1991-07-30 12:00:00,0.0,train
1991-003,1991-07-30 18:00:00,0.0,train
1991-004,1991-08-22 00:00:00,0.0,test
1991-004,1991-08-22 06:00:00,0.0,test
1991-004,1991-08-22 12:00:00,0.0,test
1991-004,1991-08-22 18:00:00,0.0,test
1991-004,1991-08-23 00:00:00,0.0,test
1991-004,1991-08-23 06:00:00,0.0,test
1991-004,1991-08-23 12:00:00,0.0,test
1991-004,1991-08-23 18:00:00,0.0,test
1991-004,1991-08-24 00:00:00,0.0,test
1991-004,1991-08-24 06:00:00,0.0,test
1991-004,1991-08-24 12:00:00,0.0,test
1991-004,1991-08-24 18:00:00,0.0,test
1991-004,1991-08-25 00:00:00,0.0,test
1991-005,1991-09-21 06:00:00,0.0,train
1991-006,1991-10-12 12:00:00,0.0,train
1991-006,1991-10-12 18:00:00,0.0,train
1991-006,1991-10-13 00:00:00,0.0,train
1991-007,1991-10-28 06:00:00,0.0,test
1991-007,1991-10-28 12:00:00,0.0,test
1991-007,1991-10-28 18:00:00,0.0,test
1991-007,1991-10-29 00:00:00,0.0,test
1991-007,1991-10-29 06:00:00,0.0,test
1991-008,1991-11-11 12:00:00,0.0,train
1991-008,1991-11-11 18:00:00,0.0,train
1991-008,1991-11-12 00:00:00,0.0,train
1991-008,1991-11-12 06:00:00,0.0,train
1991-008,1991-11-12 12:00:00,0.0,train
1991-008,1991-11-12 18:00:00,0.0,train
1991-008,1991-11-13 00:00:00,0.0,train
1991-008,1991-11-13 06:00:00,0.0,train
1991-008,1991-11-13 12:00:00,0.0,train
1991-008,1991-11-13 18:00:00,0.0,train
1991-008,1991-11-14 00:00:00,0.0,train
1991-008,1991-11-14 06:00:00,0.0,train
1991-008,1991-11-14 12:00:00,0.0,train
1992-001,1992-05-16 06:00:00,0.0,test
1992-001,1992-05-16 12:00:00,0.0,test
1992-001,1992-05-16 18:00:00,0.0,test
1992-001,1992-05-17 00:00:00,0.0,test
1992-001,1992-05-17 06:00:00,0.0,test
1992-001,1992-05-17 12:00:00,0.0,test
1992-001,1992-05-17 18:00:00,0.0,test
1992-001,1992-05-18 00:00:00,0.0,test
1992-001,1992-05-18 06:00:00,0.0,test
1992-001,1992-05-18 12:00:00,0.0,test
1992-003,1992-06-17 06:00:00,0.0,train
1992-003,1992-06-17 12:00:00,0.0,train
1992-003,1992-06-17 18:00:00,0.0,train
1992-003,1992-06-18 00:00:00,0.0,train
1992-003,1992-06-18 06:00:00,0.0,train
1992-003,1992-06-18 12:00:00,0.0,train
1992-003,1992-06-18 18:00:00,0.0,train
1992-003,1992-06-19 00:00:00,0.0,train
1992-003,1992-06-19 06:00:00,0.0,train
1992-004,1992-07-26 00:00:00,0.0,validation
1992-004,1992-07-26 06:00:00,0.0,validation
1992-004,1992-07-26 12:00:00,0.0,validation
1992-004,1992-07-26 18:00:00,0.0,validation
1992-004,1992-07-27 00:00:00,0.0,validation
1992-004,1992-07-27 06:00:00,0.0,validation
1992-004,1992-07-27 12:00:00,0.0,validation
1992-004,1992-07-27 18:00:00,0.0,validation
1992-004,1992-07-28 00:00:00,0.0,validation
1992-004,1992-07-28 06:00:00,0.0,validation
1992-004,1992-07-28 12:00:00,0.0,validation
1992-004,1992-07-28 18:00:00,0.0,validation
1992-004,1992-07-29 00:00:00,0.0,validation
1992-004,1992-07-29 06:00:00,0.0,validation
1992-006,1992-10-07 12:00:00,0.0,validation
1992-006,1992-10-07 18:00:00,0.0,validation
1992-006,1992-10-08 00:00:00,0.0,validation
1992-006,1992-10-08 06:00:00,0.0,validation
1992-007,1992-10-20 12:00:00,0.0,train
1992-007,1992-10-20 18:00:00,0.0,train
1992-007,1992-10-21 00:00:00,0.0,train
1992-008,1992-11-03 06:00:00,0.0,validation
1992-008,1992-11-03 12:00:00,0.0,validation
1992-008,1992-11-03 18:00:00,0.0,validation
1992-008,1992-11-04 00:00:00,0.0,validation
1992-008,1992-11-04 06:00:00,0.0,validation
1992-008,1992-11-04 12:00:00,0.0,validation
1992-008,1992-11-04 18:00:00,0.0,validation
1992-008,1992-11-06 00:00:00,0.0,validation
1992-009,1992-11-11 06:00:00,0.0,train
1992-009,1992-11-11 12:00:00,0.0,train
1992-009,1992-11-11 18:00:00,0.0,train
1992-009,1992-11-12 00:00:00,0.0,train
1992-009,1992-11-12 06:00:00,0.0,train
1992-009,1992-11-12 12:00:00,0.0,train
1992-009,1992-11-12 18:00:00,0.0,train
1992-009,1992-11-13 00:00:00,0.0,train
1992-009,1992-11-13 06:00:00,0.0,train
1992-009,1992-11-13 12:00:00,0.0,train
1992-009,1992-11-13 18:00:00,0.0,train
1992-009,1992-11-14 00:00:00,0.0,train
1992-009,1992-11-14 06:00:00,0.0,train
1992-009,1992-11-14 12:00:00,0.0,train
1992-009,1992-11-14 18:00:00,0.0,train
1992-009,1992-11-15 00:00:00,0.0,train
1992-009,1992-11-15 06:00:00,0.0,train
1992-009,1992-11-15 12:00:00,0.0,train
1992-009,1992-11-15 18:00:00,0.0,train
1992-009,1992-11-16 00:00:00,0.0,train
1992-009,1992-11-16 06:00:00,0.0,train
1992-010,1992-11-16 06:00:00,0.0,train
1992-010,1992-11-16 12:00:00,1.0,train
1992-010,1992-11-16 18:00:00,1.0,train
1992-010,1992-11-17 00:00:00,1.0,train
1992-010,1992-11-17 06:00:00,1.0,train
1992-010,1992-11-17 12:00:00,0.0,train
1992-010,1992-11-17 18:00:00,0.0,train
1992-010,1992-11-18 00:00:00,0.0,train
1992-010,1992-11-18 06:00:00,0.0,train
1992-010,1992-11-18 12:00:00,0.0,train
1992-010,1992-11-18 18:00:00,0.0,train
1992-010,1992-11-19 00:00:00,0.0,train
1992-010,1992-11-19 06:00:00,0.0,train
1992-010,1992-11-19 12:00:00,0.0,train
1992-010,1992-11-19 18:00:00,0.0,train
1992-010,1992-11-20 00:00:00,0.0,train
1992-010,1992-11-20 06:00:00,0.0,train
1992-010,1992-11-20 12:00:00,0.0,train
1993-003,1993-12-01 06:00:00,0.0,train
1993-003,1993-12-01 12:00:00,0.0,train
1993-003,1993-12-01 18:00:00,0.0,train
1993-003,1993-12-02 00:00:00,0.0,train
1993-003,1993-12-02 03:00:00,0.0,train
1993-003,1993-12-02 06:00:00,0.0,train
1993-003,1993-12-02 12:00:00,0.0,train
1993-003,1993-12-02 18:00:00,0.0,train
1993-003,1993-12-03 00:00:00,1.0,train
1993-003,1993-12-03 03:00:00,0.0,train
1993-003,1993-12-03 06:00:00,1.0,train
1993-003,1993-12-03 12:00:00,0.0,train
1993-004,1993-12-19 00:00:00,0.0,validation
1993-004,1993-12-19 03:00:00,0.0,validation
1993-004,1993-12-19 06:00:00,0.0,validation
1994-001,1994-03-21 12:00:00,0.0,test
1994-001,1994-03-21 18:00:00,0.0,test
1994-001,1994-03-22 00:00:00,0.0,test
1994-001,1994-03-22 06:00:00,0.0,test
1994-001,1994-03-22 12:00:00,0.0,test
1994-001,1994-03-22 18:00:00,0.0,test
1994-001,1994-03-23 00:00:00,0.0,test
1994-001,1994-03-23 06:00:00,0.0,test
1994-002,1994-04-29 00:00:00,0.0,validation
1994-002,1994-04-29 03:00:00,0.0,validation
1994-002,1994-04-29 06:00:00,0.0,validation
1994-002,1994-04-29 12:00:00,0.0,validation
1994-002,1994-04-29 18:00:00,0.0,validation
1994-002,1994-04-30 00:00:00,0.0,validation
1994-002,1994-04-30 03:00:00,0.0,validation
1994-002,1994-04-30 06:00:00,0.0,validation
1994-002,1994-04-30 12:00:00,0.0,validation
1994-002,1994-04-30 18:00:00,1.0,validation
1994-002,1994-05-01 00:00:00,1.0,validation
1994-002,1994-05-01 03:00:00,1.0,validation
1994-002,1994-05-01 06:00:00,1.0,validation
1994-002,1994-05-01 12:00:00,1.0,validation
1994-004,1994-10-29 03:00:00,0.0,validation
1994-004,1994-10-29 06:00:00,0.0,validation
1994-004,1994-10-29 12:00:00,0.0,validation
1994-004,1994-10-29 18:00:00,1.0,validation
1994-004,1994-10-30 00:00:00,1.0,validation
1994-004,1994-10-30 03:00:00,0.0,validation
1994-004,1994-10-30 06:00:00,0.0,validation
1994-004,1994-10-30 12:00:00,0.0,validation
1995-002,1995-05-08 09:00:00,0.0,train
1995-002,1995-05-08 12:00:00,0.0,train
1995-002,1995-05-08 18:00:00,0.0,train
1995-002,1995-05-09 00:00:00,0.0,train
1995-002,1995-05-09 03:00:00,0.0,train
1995-002,1995-05-09 06:00:00,0.0,train
1995-002,1995-05-09 09:00:00,0.0,train
1995-003,1995-05-14 18:00:00,0.0,train
1995-003,1995-05-15 00:00:00,0.0,train
1995-003,1995-05-15 03:00:00,0.0,train
1995-003,1995-05-15 06:00:00,0.0,train
1995-003,1995-05-15 12:00:00,0.0,train
1995-003,1995-05-15 18:00:00,0.0,train
1995-003,1995-05-16 00:00:00,0.0,train
1995-003,1995-05-16 03:00:00,0.0,train
1995-003,1995-05-16 06:00:00,0.0,train
1995-003,1995-05-16 12:00:00,0.0,train
1995-003,1995-05-16 18:00:00,0.0,train
1995-004,1995-09-16 03:00:00,0.0,train
1995-004,1995-09-16 06:00:00,0.0,train
1995-004,1995-09-16 12:00:00,0.0,train
1995-007,1995-11-07 03:00:00,0.0,train
1995-007,1995-11-07 06:00:00,0.0,train
1995-007,1995-11-07 12:00:00,0.0,train
1995-007,1995-11-07 18:00:00,1.0,train
1995-007,1995-11-08 00:00:00,1.0,train
1995-007,1995-11-08 03:00:00,1.0,train
1995-008,1995-11-21 12:00:00,0.0,train
1995-008,1995-11-21 18:00:00,0.0,train
1995-008,1995-11-22 00:00:00,0.0,train
1995-008,1995-11-22 03:00:00,0.0,train
1995-008,1995-11-22 06:00:00,0.0,train
1995-008,1995-11-22 12:00:00,0.0,train
1995-008,1995-11-22 18:00:00,0.0,train
1995-008,1995-11-23 00:00:00,1.0,train
1995-008,1995-11-23 03:00:00,1.0,train
1995-008,1995-11-23 06:00:00,1.0,train
1995-008,1995-11-23 12:00:00,1.0,train
1995-008,1995-11-23 18:00:00,0.0,train
1995-008,1995-11-24 00:00:00,0.0,train
1995-008,1995-11-24 03:00:00,0.0,train
1995-008,1995-11-24 06:00:00,0.0,train
1996-002,1996-06-12 12:00:00,0.0,train
1996-002,1996-06-12 18:00:00,0.0,train
1996-002,1996-06-13 00:00:00,0.0,train
1996-002,1996-06-13 03:00:00,0.0,train
1996-002,1996-06-13 06:00:00,0.0,train
1996-002,1996-06-13 12:00:00,0.0,train
1996-002,1996-06-13 18:00:00,0.0,train
1996-002,1996-06-14 00:00:00,0.0,train
1996-002,1996-06-14 03:00:00,0.0,train
1996-002,1996-06-14 06:00:00,0.0,train
1996-002,1996-06-14 12:00:00,0.0,train
1996-002,1996-06-14 18:00:00,0.0,train
1996-002,1996-06-15 00:00:00,0.0,train
1996-002,1996-06-15 03:00:00,0.0,train
1996-007,1996-10-27 03:00:00,0.0,validation
1996-007,1996-10-27 06:00:00,0.0,validation
1996-007,1996-10-27 12:00:00,0.0,validation
1996-007,1996-10-27 18:00:00,0.0,validation
1996-008,1996-11-04 18:00:00,0.0,test
1996-008,1996-11-05 00:00:00,0.0,test
1996-008,1996-11-05 03:00:00,0.0,test
1996-008,1996-11-05 06:00:00,1.0,test
1996-008,1996-11-05 09:00:00,1.0,test
1996-008,1996-11-05 12:00:00,1.0,test
1996-008,1996-11-05 18:00:00,0.0,test
1996-009,1996-11-28 03:00:00,0.0,test
1996-009,1996-11-28 06:00:00,0.0,test
1996-009,1996-11-28 12:00:00,0.0,test
1996-009,1996-11-28 18:00:00,0.0,test
1996-009,1996-11-29 00:00:00,0.0,test
1996-009,1996-11-29 03:00:00,0.0,test
1996-009,1996-11-29 06:00:00,0.0,test
1996-009,1996-11-29 12:00:00,0.0,test
1996-009,1996-11-29 18:00:00,0.0,test
1996-009,1996-11-30 00:00:00,0.0,test
1996-009,1996-11-30 03:00:00,0.0,test
1996-009,1996-11-30 06:00:00,0.0,test
1996-009,1996-11-30 12:00:00,0.0,test
1996-009,1996-11-30 18:00:00,0.0,test
1996-009,1996-12-01 00:00:00,0.0,test
1996-009,1996-12-01 03:00:00,0.0,test
1996-009,1996-12-01 06:00:00,0.0,test
1996-009,1996-12-01 12:00:00,0.0,test
1996-009,1996-12-01 18:00:00,0.0,test
1996-009,1996-12-02 00:00:00,0.0,test
1996-009,1996-12-02 03:00:00,0.0,test
1996-009,1996-12-02 06:00:00,0.0,test
1996-009,1996-12-02 12:00:00,1.0,test
1996-009,1996-12-02 18:00:00,1.0,test
1996-009,1996-12-03 00:00:00,0.0,test
1996-009,1996-12-03 03:00:00,0.0,test
1996-009,1996-12-03 06:00:00,0.0,test
1996-009,1996-12-03 12:00:00,0.0,test
1996-009,1996-12-03 18:00:00,0.0,test
1996-009,1996-12-04 00:00:00,0.0,test
1996-009,1996-12-04 03:00:00,0.0,test
1996-009,1996-12-04 06:00:00,0.0,test
1996-009,1996-12-04 12:00:00,0.0,test
1996-009,1996-12-04 18:00:00,0.0,test
1996-009,1996-12-05 00:00:00,0.0,test
1996-009,1996-12-05 03:00:00,0.0,test
1996-009,1996-12-05 06:00:00,0.0,test
1996-009,1996-12-05 12:00:00,0.0,test
1997-001,1997-05-15 06:00:00,0.0,test
1997-001,1997-05-15 09:00:00,0.0,test
1997-001,1997-05-15 12:00:00,0.0,test
1997-001,1997-05-15 18:00:00,0.0,test
1997-001,1997-05-16 00:00:00,0.0,test
1997-001,1997-05-16 03:00:00,0.0,test
1997-001,1997-05-16 06:00:00,0.0,test
1997-001,1997-05-16 09:00:00,0.0,test
1997-001,1997-05-16 12:00:00,0.0,test
1997-001,1997-05-16 18:00:00,0.0,test
1997-001,1997-05-17 00:00:00,0.0,test
1997-001,1997-05-17 03:00:00,1.0,test
1997-001,1997-05-17 06:00:00,0.0,test
1997-001,1997-05-17 09:00:00,0.0,test
1997-001,1997-05-17 12:00:00,0.0,test
1997-001,1997-05-17 18:00:00,0.0,test
1997-001,1997-05-18 00:00:00,1.0,test
1997-001,1997-05-18 03:00:00,0.0,test
1997-001,1997-05-18 06:00:00,0.0,test
1997-001,1997-05-18 09:00:00,0.0,test
1997-001,1997-05-18 12:00:00,0.0,test
1997-003,1997-07-29 03:00:00,0.0,train
1997-003,1997-07-29 06:00:00,0.0,train
1997-007,1997-09-23 03:00:00,0.0,validation
1997-007,1997-09-23 06:00:00,0.0,validation
1997-007,1997-09-23 09:00:00,0.0,validation
1997-007,1997-09-23 12:00:00,0.0,validation
1997-007,1997-09-23 18:00:00,0.0,validation
1997-007,1997-09-24 00:00:00,0.0,validation
1997-007,1997-09-24 03:00:00,0.0,validation
1997-007,1997-09-24 06:00:00,0.0,validation
1997-007,1997-09-24 09:00:00,0.0,validation
1997-007,1997-09-24 12:00:00,0.0,validation
1997-007,1997-09-24 18:00:00,0.0,validation
1997-007,1997-09-25 00:00:00,0.0,validation
1997-007,1997-09-25 03:00:00,0.0,validation
1997-007,1997-09-25 06:00:00,0.0,validation
1997-007,1997-09-25 09:00:00,0.0,validation
1997-007,1997-09-25 12:00:00,0.0,validation
1997-007,1997-09-25 18:00:00,0.0,validation
1997-008,1997-11-04 03:00:00,0.0,train
1997-008,1997-11-04 06:00:00,0.0,train
1997-008,1997-11-04 12:00:00,0.0,train
1997-008,1997-11-04 18:00:00,0.0,train
1997-008,1997-11-05 00:00:00,0.0,train
1997-008,1997-11-05 03:00:00,0.0,train
1997-008,1997-11-05 06:00:00,0.0,train
1997-008,1997-11-05 12:00:00,0.0,train
1997-008,1997-11-05 18:00:00,0.0,train
1997-008,1997-11-06 00:00:00,0.0,train
1997-008,1997-11-06 03:00:00,0.0,train
1997-008,1997-11-06 06:00:00,0.0,train
1997-008,1997-11-06 09:00:00,0.0,train
1997-008,1997-11-06 12:00:00,0.0,train
1997-008,1997-11-06 18:00:00,0.0,train
1997-008,1997-11-07 00:00:00,0.0,train
1997-008,1997-11-07 03:00:00,0.0,train
1997-008,1997-11-07 06:00:00,0.0,train
1997-008,1997-11-07 09:00:00,0.0,train
1997-008,1997-11-07 12:00:00,0.0,train
1997-008,1997-11-07 18:00:00,0.0,train
1997-008,1997-11-08 00:00:00,0.0,train
1997-008,1997-11-08 03:00:00,0.0,train
1997-008,1997-11-08 06:00:00,0.0,train
1997-008,1997-11-08 09:00:00,0.0,train
1998-001,1998-05-17 12:00:00,0.0,train
1998-001,1998-05-17 18:00:00,0.0,train
1998-001,1998-05-18 00:00:00,0.0,train
1998-001,1998-05-18 03:00:00,0.0,train
1998-001,1998-05-18 06:00:00,0.0,train
1998-001,1998-05-18 12:00:00,0.0,train
1998-001,1998-05-18 18:00:00,0.0,train
1998-001,1998-05-19 00:00:00,0.0,train
1998-006,1998-10-13 12:00:00,0.0,train
1998-007,1998-10-26 12:00:00,0.0,train
1998-007,1998-10-26 18:00:00,0.0,train
1998-007,1998-10-27 00:00:00,0.0,train
1998-007,1998-10-27 03:00:00,0.0,train
1998-007,1998-10-27 06:00:00,0.0,train
1998-007,1998-10-27 12:00:00,0.0,train
1998-007,1998-10-27 18:00:00,0.0,train
1998-007,1998-10-28 00:00:00,0.0,train
1998-007,1998-10-28 03:00:00,0.0,train
1998-007,1998-10-28 06:00:00,0.0,train
1998-008,1998-11-13 12:00:00,0.0,train
1998-008,1998-11-14 03:00:00,1.0,train
1998-008,1998-11-14 06:00:00,1.0,train
1998-008,1998-11-14 09:00:00,1.0,train
1998-009,1998-11-19 03:00:00,0.0,validation
1998-009,1998-11-19 06:00:00,0.0,validation
1998-009,1998-11-19 12:00:00,0.0,validation
1998-009,1998-11-19 18:00:00,0.0,validation
1998-009,1998-11-20 00:00:00,0.0,validation
1998-009,1998-11-20 03:00:00,0.0,validation
1998-009,1998-11-20 06:00:00,0.0,validation
1998-009,1998-11-20 09:00:00,0.0,validation
1998-009,1998-11-20 12:00:00,0.0,validation
1998-009,1998-11-20 18:00:00,0.0,validation
1998-009,1998-11-21 00:00:00,0.0,validation
1998-009,1998-11-21 03:00:00,0.0,validation
1998-009,1998-11-21 06:00:00,0.0,validation
1999-001,1999-02-01 03:00:00,0.0,test
1999-001,1999-02-01 12:00:00,0.0,test
1999-001,1999-02-02 03:00:00,0.0,test
1999-001,1999-02-02 06:00:00,0.0,test
1999-001,1999-02-02 09:00:00,0.0,test
1999-001,1999-02-02 12:00:00,0.0,test
1999-001,1999-02-02 18:00:00,0.0,test
1999-005,1999-08-06 12:00:00,0.0,train
1999-005,1999-08-06 18:00:00,0.0,train
1999-005,1999-08-07 03:00:00,0.0,train
1999-005,1999-08-07 06:00:00,0.0,train
1999-005,1999-08-07 12:00:00,0.0,train
1999-005,1999-08-07 18:00:00,0.0,train
1999-006,1999-10-15 03:00:00,0.0,train
1999-006,1999-10-15 06:00:00,0.0,train
1999-006,1999-10-15 12:00:00,0.0,train
1999-006,1999-10-15 18:00:00,1.0,train
1999-006,1999-10-15 21:00:00,0.0,train
1999-006,1999-10-16 00:00:00,1.0,train
1999-006,1999-10-16 03:00:00,1.0,train
1999-006,1999-10-16 06:00:00,1.0,train
1999-006,1999-10-16 09:00:00,1.0,train
1999-006,1999-10-16 12:00:00,1.0,train
1999-006,1999-10-16 15:00:00,0.0,train
1999-006,1999-10-16 18:00:00,1.0,train
1999-007,1999-10-25 06:00:00,0.0,test
1999-007,1999-10-25 09:00:00,0.0,test
1999-007,1999-10-25 12:00:00,0.0,test
1999-007,1999-10-25 18:00:00,0.0,test
1999-007,1999-10-26 00:00:00,0.0,test
1999-007,1999-10-26 03:00:00,0.0,test
1999-007,1999-10-26 06:00:00,0.0,test
1999-007,1999-10-26 09:00:00,0.0,test
1999-007,1999-10-26 12:00:00,0.0,test
1999-007,1999-10-26 15:00:00,0.0,test
1999-007,1999-10-26 18:00:00,0.0,test
1999-007,1999-10-26 21:00:00,0.0,test
1999-007,1999-10-27 00:00:00,0.0,test
1999-007,1999-10-27 03:00:00,0.0,test
1999-007,1999-10-27 06:00:00,1.0,test
1999-007,1999-10-27 09:00:00,1.0,test
1999-007,1999-10-27 12:00:00,1.0,test
1999-007,1999-10-27 15:00:00,1.0,test
1999-007,1999-10-27 18:00:00,1.0,test
1999-007,1999-10-27 21:00:00,1.0,test
1999-007,1999-10-28 00:00:00,1.0,test
1999-007,1999-10-28 03:00:00,1.0,test
1999-007,1999-10-28 06:00:00,1.0,test
1999-008,1999-12-08 18:00:00,0.0,test
1999-008,1999-12-08 21:00:00,0.0,test
1999-008,1999-12-09 03:00:00,0.0,test
1999-008,1999-12-09 06:00:00,0.0,test
1999-008,1999-12-09 09:00:00,0.0,test
2000-001,2000-03-27 12:00:00,0.0,test
2000-001,2000-03-27 18:00:00,0.0,test
2000-001,2000-03-28 00:00:00,0.0,test
2000-001,2000-03-28 03:00:00,0.0,test
2000-001,2000-03-28 12:00:00,0.0,test
2000-001,2000-03-28 18:00:00,0.0,test
2000-001,2000-03-29 00:00:00,0.0,test
2000-001,2000-03-29 03:00:00,0.0,test
2000-001,2000-03-29 06:00:00,0.0,test
2000-001,2000-03-29 12:00:00,0.0,test
2000-004,2000-10-25 12:00:00,0.0,train
2000-005,2000-11-27 06:00:00,1.0,test
2000-006,2000-12-24 06:00:00,0.0,train
2001-005,2001-10-14 12:00:00,0.0,train
2003-002,2003-07-25 03:00:00,0.0,test
2003-003,2003-08-27 12:00:00,0.0,train
2004-002,2004-05-18 00:00:00,1.0,train
2005-004,2005-07-29 03:00:00,0.0,train
2005-005,2005-09-12 03:00:00,0.0,train
2005-010,2005-11-28 03:00:00,0.0,train
2007-010,2007-11-11 09:00:00,0.0,train
2007-010,2007-11-11 12:00:00,1.0,train
2007-010,2007-11-11 15:00:00,1.0,train
2007-010,2007-11-11 18:00:00,1.0,train
2007-010,2007-11-11 21:00:00,1.0,train
2007-010,2007-11-12 00:00:00,1.0,train
2007-010,2007-11-12 03:00:00,1.0,train
2007-010,2007-11-12 06:00:00,1.0,train
2007-010,2007-11-12 09:00:00,1.0,train
2007-010,2007-11-12 12:00:00,1.0,train
2007-010,2007-11-12 15:00:00,1.0,train
2007-010,2007-11-12 18:00:00,0.0,train
2007-010,2007-11-12 21:00:00,0.0,train
2007-010,2007-11-13 00:00:00,0.0,train
2007-010,2007-11-13 03:00:00,0.0,train
2007-010,2007-11-13 06:00:00,0.0,train
2007-010,2007-11-13 09:00:00,0.0,train
2007-010,2007-11-13 12:00:00,0.0,train
2007-010,2007-11-13 15:00:00,0.0,train
2007-010,2007-11-13 18:00:00,0.0,train
2007-010,2007-11-13 21:00:00,0.0,train
2007-010,2007-11-14 00:00:00,0.0,train
2007-010,2007-11-14 03:00:00,0.0,train
2007-010,2007-11-14 06:00:00,0.0,train
2007-010,2007-11-14 09:00:00,0.0,train
2007-010,2007-11-14 12:00:00,0.0,train
2007-010,2007-11-14 15:00:00,0.0,train
2007-010,2007-11-14 18:00:00,0.0,train
2007-010,2007-11-14 21:00:00,0.0,train
2007-010,2007-11-15 00:00:00,0.0,train
2007-010,2007-11-15 03:00:00,0.0,train
2010-003,2010-05-31 06:00:00,0.0,train
2010-003,2010-05-31 12:00:00,0.0,train
2010-003,2010-05-31 18:00:00,0.0,train
2010-003,2010-06-01 00:00:00,0.0,train
2010-003,2010-06-01 03:00:00,1.0,train
2010-003,2010-06-01 06:00:00,1.0,train
2010-003,2010-06-01 09:00:00,1.0,train
2010-003,2010-06-01 12:00:00,1.0,train
2010-003,2010-06-01 15:00:00,1.0,train
2010-003,2010-06-01 18:00:00,1.0,train
2010-003,2010-06-01 21:00:00,1.0,train
2010-003,2010-06-02 00:00:00,0.0,train
2010-003,2010-06-02 03:00:00,0.0,train
2010-003,2010-06-02 06:00:00,0.0,train
2010-003,2010-06-02 09:00:00,0.0,train
2010-003,2010-06-02 12:00:00,0.0,train
2010-003,2010-06-02 15:00:00,0.0,train
2010-003,2010-06-02 18:00:00,0.0,train
2010-003,2010-06-02 21:00:00,0.0,train
2010-003,2010-06-03 00:00:00,0.0,train
2010-003,2010-06-03 03:00:00,0.0,train
2010-003,2010-06-03 06:00:00,0.0,train
2010-003,2010-06-03 09:00:00,0.0,train
2010-003,2010-06-03 12:00:00,0.0,train
2010-003,2010-06-03 15:00:00,0.0,train
2010-003,2010-06-03 18:00:00,0.0,train
2010-003,2010-06-03 21:00:00,0.0,train
2010-003,2010-06-04 00:00:00,0.0,train
2010-003,2010-06-04 03:00:00,0.0,train
2010-003,2010-06-04 06:00:00,0.0,train
2010-003,2010-06-04 09:00:00,0.0,train
2010-003,2010-06-04 12:00:00,0.0,train
2010-003,2010-06-04 15:00:00,0.0,train
2010-003,2010-06-04 18:00:00,0.0,train
2010-003,2010-06-04 21:00:00,0.0,train
2010-003,2010-06-05 00:00:00,0.0,train
2010-003,2010-06-05 03:00:00,0.0,train
2010-003,2010-06-05 06:00:00,0.0,train
2010-003,2010-06-05 09:00:00,0.0,train
2010-003,2010-06-05 12:00:00,0.0,train
2010-003,2010-06-05 15:00:00,0.0,train
2010-003,2010-06-05 18:00:00,0.0,train
2010-003,2010-06-06 00:00:00,0.0,train
2010-003,2010-06-06 03:00:00,0.0,train
2010-003,2010-06-06 06:00:00,0.0,train
2013-005,2013-10-08 03:00:00,0.0,validation
2013-005,2013-10-08 06:00:00,0.0,validation
2013-005,2013-10-08 12:00:00,0.0,validation
2013-005,2013-10-08 18:00:00,0.0,validation
2013-005,2013-10-09 00:00:00,0.0,validation
2013-005,2013-10-09 03:00:00,0.0,validation
2013-005,2013-10-09 06:00:00,1.0,validation
2013-005,2013-10-09 09:00:00,1.0,validation
2013-005,2013-10-09 12:00:00,1.0,validation
2013-005,2013-10-09 15:00:00,1.0,validation
2013-005,2013-10-09 18:00:00,1.0,validation
2013-005,2013-10-09 21:00:00,1.0,validation
2013-005,2013-10-10 00:00:00,1.0,validation
2013-005,2013-10-10 03:00:00,1.0,validation
2013-005,2013-10-10 06:00:00,1.0,validation
2013-005,2013-10-10 09:00:00,1.0,validation
2013-005,2013-10-10 12:00:00,1.0,validation
2013-005,2013-10-10 15:00:00,0.0,validation
2013-005,2013-10-10 18:00:00,0.0,validation
2013-005,2013-10-10 21:00:00,0.0,validation
2013-005,2013-10-11 00:00:00,0.0,validation
2013-005,2013-10-11 03:00:00,0.0,validation
2013-005,2013-10-11 06:00:00,0.0,validation
2013-005,2013-10-11 09:00:00,0.0,validation
2013-005,2013-10-11 12:00:00,0.0,validation
2013-005,2013-10-11 15:00:00,0.0,validation
2013-005,2013-10-11 18:00:00,0.0,validation
2013-005,2013-10-11 21:00:00,0.0,validation
2013-005,2013-10-12 00:00:00,0.0,validation
2013-005,2013-10-12 03:00:00,0.0,validation
2013-005,2013-10-12 06:00:00,0.0,validation
2013-005,2013-10-12 09:00:00,0.0,validation
2013-005,2013-10-12 12:00:00,0.0,validation
2013-005,2013-10-12 18:00:00,0.0,validation
2013-005,2013-10-13 00:00:00,0.0,validation
2013-005,2013-10-13 03:00:00,0.0,validation
2013-005,2013-10-13 06:00:00,0.0,validation
2014-007,2014-10-25 00:00:00,0.0,train
2014-007,2014-10-25 03:00:00,0.0,train
2014-007,2014-10-25 06:00:00,0.0,train
2014-007,2014-10-25 12:00:00,0.0,train
2014-007,2014-10-25 18:00:00,0.0,train
2014-007,2014-10-26 00:00:00,1.0,train
2014-007,2014-10-26 03:00:00,1.0,train
2014-007,2014-10-26 06:00:00,1.0,train
2014-007,2014-10-26 09:00:00,1.0,train
2014-007,2014-10-26 12:00:00,1.0,train
2014-007,2014-10-26 15:00:00,1.0,train
2014-007,2014-10-26 18:00:00,0.0,train
2014-007,2014-10-26 21:00:00,0.0,train
2014-007,2014-10-27 00:00:00,0.0,train
2014-007,2014-10-27 03:00:00,0.0,train
2014-007,2014-10-27 06:00:00,0.0,train
2014-007,2014-10-27 09:00:00,0.0,train
2014-007,2014-10-27 12:00:00,1.0,train
2014-007,2014-10-27 15:00:00,1.0,train
2014-007,2014-10-27 18:00:00,1.0,train
2014-007,2014-10-27 21:00:00,1.0,train
2014-007,2014-10-28 00:00:00,1.0,train
2014-007,2014-10-28 03:00:00,0.0,train
2014-007,2014-10-28 06:00:00,0.0,train
2014-007,2014-10-28 09:00:00,0.0,train
2014-007,2014-10-28 12:00:00,0.0,train
2014-007,2014-10-28 15:00:00,0.0,train
2014-007,2014-10-28 18:00:00,0.0,train
2014-007,2014-10-28 21:00:00,0.0,train
2014-007,2014-10-29 00:00:00,0.0,train
2014-007,2014-10-29 03:00:00,0.0,train
2014-007,2014-10-29 06:00:00,0.0,train
2014-007,2014-10-29 09:00:00,0.0,train
2014-007,2014-10-29 12:00:00,0.0,train
2014-007,2014-10-29 18:00:00,0.0,train
2014-007,2014-10-29 21:00:00,0.0,train
2014-007,2014-10-30 00:00:00,0.0,train
2019-007,2019-10-24 03:00:00,0.0,validation
2019-007,2019-10-24 06:00:00,0.0,validation
2019-007,2019-10-24 12:00:00,0.0,validation
2019-007,2019-10-24 18:00:00,0.0,validation
2019-007,2019-10-25 00:00:00,0.0,validation
2019-007,2019-10-25 03:00:00,0.0,validation
2019-007,2019-10-25 06:00:00,1.0,validation
2019-007,2019-10-25 09:00:00,1.0,validation
2019-007,2019-10-25 12:00:00,1.0,validation
2019-007,2019-10-25 15:00:00,1.0,validation
2019-007,2019-10-25 18:00:00,1.0,validation
2019-007,2019-10-25 21:00:00,1.0,validation
2019-007,2019-10-26 00:00:00,1.0,validation
2019-007,2019-10-26 03:00:00,1.0,validation
2019-007,2019-10-26 06:00:00,1.0,validation
2019-007,2019-10-26 09:00:00,1.0,validation
2019-007,2019-10-26 12:00:00,1.0,validation
2019-007,2019-10-26 15:00:00,1.0,validation
2019-007,2019-10-26 18:00:00,0.0,validation
2019-007,2019-10-26 21:00:00,0.0,validation
2019-007,2019-10-27 00:00:00,0.0,validation
2019-007,2019-10-27 03:00:00,0.0,validation
2019-007,2019-10-27 06:00:00,0.0,validation
2019-007,2019-10-27 09:00:00,0.0,validation
2019-007,2019-10-27 12:00:00,0.0,validation
2019-007,2019-10-27 15:00:00,0.0,validation
2019-007,2019-10-27 18:00:00,0.0,validation
2019-007,2019-10-27 21:00:00,0.0,validation
2019-007,2019-10-28 00:00:00,0.0,validation
2019-007,2019-10-28 03:00:00,0.0,validation
2019-007,2019-10-28 06:00:00,0.0,validation
2019-007,2019-10-28 09:00:00,0.0,validation
2019-007,2019-10-28 12:00:00,0.0,validation
2019-007,2019-10-28 15:00:00,0.0,validation
2019-007,2019-10-28 18:00:00,0.0,validation
2019-007,2019-10-28 21:00:00,0.0,validation
2019-007,2019-10-29 00:00:00,0.0,validation
2019-007,2019-10-29 03:00:00,0.0,validation
2019-007,2019-10-29 06:00:00,0.0,validation
2019-007,2019-10-29 09:00:00,0.0,validation
2019-007,2019-10-29 12:00:00,0.0,validation
2019-007,2019-10-29 15:00:00,0.0,validation
2019-007,2019-10-29 18:00:00,0.0,validation
2019-007,2019-10-29 21:00:00,0.0,validation
2019-007,2019-10-30 00:00:00,0.0,validation
2019-007,2019-10-30 03:00:00,0.0,validation
2019-007,2019-10-30 06:00:00,0.0,validation
2019-007,2019-10-30 09:00:00,0.0,validation
2019-007,2019-10-30 12:00:00,0.0,validation
2019-007,2019-10-30 15:00:00,0.0,validation
2019-007,2019-10-30 18:00:00,0.0,validation
2019-007,2019-10-30 21:00:00,0.0,validation
2019-007,2019-10-31 00:00:00,0.0,validation
2019-007,2019-10-31 03:00:00,0.0,validation
2019-007,2019-10-31 06:00:00,0.0,validation
2019-007,2019-10-31 09:00:00,0.0,validation
2019-007,2019-10-31 12:00:00,0.0,validation
2019-007,2019-10-31 15:00:00,0.0,validation
2019-007,2019-10-31 18:00:00,0.0,validation
2019-007,2019-10-31 21:00:00,0.0,validation
2019-007,2019-11-01 00:00:00,0.0,validation
2019-007,2019-11-01 03:00:00,0.0,validation
2019-007,2019-11-01 06:00:00,0.0,validation
2019-007,2019-11-01 09:00:00,0.0,validation
2019-007,2019-11-01 12:00:00,0.0,validation
2019-007,2019-11-01 15:00:00,0.0,validation
2020-001,2020-05-17 09:00:00,1.0,train
2020-001,2020-05-17 18:00:00,1.0,train
2020-001,2020-05-18 03:00:00,0.0,train
2020-001,2020-05-18 12:00:00,0.0,train
2022-009,2022-08-19 00:00:00,0.0,train
2023-001,2023-01-30 03:00:00,0.0,train
2023-002,2023-05-11 00:00:00,1.0,test
2023-004,2023-08-01 00:00:00,0.0,train
2023-007,2023-10-23 03:00:00,1.0,train
2024-006,2024-09-08 00:00:00,0.0,train
2024-008,2024-09-13 12:00:00,0.0,train
2025-014,2025-11-25 03:00:00,0.0,train
