date,lat_min,lat_max,lon_min,lon_max,observations,storms
1993-12-01,5.0,10.5,85.5,93.5,3,1
1993-12-02,5.5,11.5,82.5,90.0,5,1
1993-12-03,7.0,12.5,79.5,87.0,4,1
1993-12-19,6.0,11.5,80.0,86.0,3,1
1994-03-21,6.5,12.5,87.5,93.0,2,1
1994-03-22,9.0,15.5,87.0,93.0,4,1
1994-03-23,11.0,16.0,88.5,93.5,2,1
1994-04-29,6.0,12.9,88.2,94.5,5,1
1994-04-30,8.3,15.5,87.7,93.1,5,1
1994-05-01,11.0,18.5,87.5,92.9,4,1
1994-10-29,7.0,13.5,81.5,87.5,4,1
1994-10-30,9.0,14.8,78.5,85.5,4,1
1995-05-08,12.0,18.0,79.0,84.0,3,1
1995-05-09,13.0,19.0,79.0,85.0,4,1
1995-05-14,17.0,22.0,84.0,89.0,1,1
1995-05-15,17.5,24.0,84.3,90.5,5,1
1995-05-16,19.5,25.0,86.0,93.0,5,1
1995-09-16,16.5,22.5,86.5,92.5,3,1
1995-11-07,8.5,15.5,86.5,94.0,4,1
1995-11-08,10.5,16.0,85.0,91.0,2,1
1995-11-21,5.0,9.5,88.0,93.5,2,1
1995-11-22,5.0,12.0,85.0,92.5,5,1
1995-11-23,7.5,14.5,82.5,89.0,5,1
1995-11-24,11.0,17.5,82.5,87.5,3,1
1996-06-12,8.5,14.0,82.5,88.5,2,1
1996-06-13,9.5,16.0,78.5,86.5,5,1
1996-06-14,11.0,18.5,78.0,84.5,5,1
1996-06-15,14.0,19.0,80.0,85.0,2,1
1996-10-27,12.5,19.5,83.0,88.5,4,1
1996-11-04,13.5,18.5,85.0,90.0,1,1
1996-11-05,13.5,18.5,82.5,89.5,6,1
1996-11-28,9.0,15.5,83.0,89.0,4,1
1996-11-29,10.0,16.5,82.5,89.5,5,1
1996-11-30,12.0,18.0,85.0,91.5,5,1
1996-12-01,12.0,17.0,85.5,91.5,5,1
1996-12-02,11.5,16.5,83.0,89.5,5,1
1996-12-03,11.5,17.2,80.5,87.5,5,1
1996-12-04,12.2,18.0,78.9,85.5,5,1
1996-12-05,11.8,17.5,78.8,84.5,4,1
1997-05-15,5.0,10.5,88.0,93.0,4,1
1997-05-16,6.0,13.0,88.0,93.8,6,1
1997-05-17,8.5,17.5,88.5,94.0,6,1
1997-05-18,13.5,20.5,88.0,93.5,5,1
1997-07-29,18.5,23.5,86.5,91.5,2,1
1997-09-23,13.0,18.5,80.0,85.0,5,1
1997-09-24,14.0,19.2,80.0,85.4,6,1
1997-09-25,14.8,22.0,81.1,89.5,6,1
1997-11-04,10.0,16.5,93.5,100.0,4,1
1997-11-05,11.5,17.0,91.5,97.5,5,1
1997-11-06,12.0,17.7,89.5,96.0,6,1
1997-11-07,13.0,18.0,89.0,94.7,6,1
1997-11-08,13.0,18.0,88.0,94.0,4,1
1998-05-17,12.0,17.5,85.5,91.0,2,1
1998-05-18,12.5,20.5,86.0,92.0,5,1
1998-05-19,16.5,21.5,87.5,92.5,1,1
1998-10-13,13.0,18.0,80.0,85.0,1,1
1998-10-26,9.0,14.5,85.5,91.0,2,1
1998-10-27,9.5,15.5,83.5,90.5,5,1
1998-10-28,10.5,15.5,82.0,88.0,3,1
1998-11-13,10.5,15.5,85.0,90.0,1,1
1998-11-14,11.0,16.5,83.5,89.0,3,1
1998-11-19,9.5,15.0,88.5,95.0,4,1
1998-11-20,11.5,18.5,85.5,91.5,6,1
1998-11-21,14.0,20.0,85.0,90.0,3,1
1999-02-01,6.5,11.5,85.5,91.5,2,1
1999-02-02,7.0,13.5,82.5,88.5,5,1
1999-08-06,18.5,23.5,86.0,91.0,2,1
1999-08-07,20.0,25.0,83.5,90.0,4,1
1999-10-15,11.0,17.8,86.5,95.0,5,1
1999-10-16,13.0,20.1,83.5,91.0,7,1
1999-10-25,9.5,15.0,95.5,100.0,4,1
1999-10-26,11.0,17.5,90.5,99.0,8,1
1999-10-27,13.0,19.5,87.5,95.5,8,1
1999-10-28,15.0,20.5,86.0,92.5,3,1
1999-12-08,8.0,13.0,84.5,89.5,2,1
1999-12-09,8.0,13.0,82.5,88.0,3,1
2000-03-27,5.0,11.0,86.5,92.5,2,1
2000-03-28,7.0,14.5,85.5,91.5,4,1
2000-03-29,10.0,16.5,85.5,91.0,4,1
2000-10-15,12.0,17.0,84.0,91.0,5,1
2000-10-16,11.5,17.0,82.5,88.8,5,1
2000-10-17,11.5,16.5,81.5,87.0,5,1
2000-10-18,11.5,16.5,81.0,86.0,2,1
2000-10-25,11.5,17.0,89.5,95.0,2,1
2000-10-26,12.5,19.5,86.5,94.0,5,1
2000-10-27,15.0,23.0,86.0,91.0,5,1
2000-10-28,19.0,24.0,86.5,91.5,1,1
2000-11-26,6.0,12.5,87.0,94.0,6,1
2000-11-27,8.0,13.5,82.0,90.5,8,1
2000-11-28,9.0,14.0,79.0,86.5,6,1
2000-11-29,9.0,14.0,78.0,83.0,2,1
2000-12-23,5.5,10.5,82.0,88.5,4,1
2000-12-24,5.5,11.0,81.0,86.5,5,1
2000-12-25,6.0,11.0,80.5,85.5,5,1
2000-12-26,6.0,11.0,78.5,85.0,8,1
2000-12-27,6.0,11.0,76.0,83.5,4,1
2001-06-12,17.0,22.0,84.5,89.5,1,1
2001-10-14,11.0,16.0,80.5,86.5,2,1
2001-10-15,11.0,16.5,77.5,85.5,6,1
2002-05-11,9.5,14.5,93.5,98.5,1,1
2002-10-22,11.0,16.5,79.0,84.0,2,1
2002-11-10,9.5,15.0,80.0,85.0,4,1
2002-11-11,11.0,17.0,80.0,86.0,3,1
2002-11-23,7.5,15.0,84.5,89.5,4,1
2002-11-24,10.5,17.5,85.0,90.5,7,1
2002-11-25,13.0,18.0,85.5,90.5,7,1
2002-11-26,13.5,19.0,85.5,92.0,5,1
2002-11-27,14.0,19.7,87.5,93.5,4,1
2002-12-21,5.0,7.0,74.5,80.5,4,1
2002-12-22,5.0,7.0,75.8,82.5,5,1
2002-12-23,5.0,7.5,78.0,83.5,5,1
2002-12-24,5.0,9.0,78.5,85.0,5,1
2003-05-10,5.0,11.0,86.5,93.0,7,1
2003-05-11,6.5,13.5,83.5,91.0,8,1
2003-05-12,8.5,14.0,83.0,88.5,8,1
2003-05-13,9.0,15.5,82.5,88.0,8,1
2003-05-14,11.0,17.0,82.5,88.5,8,1
2003-05-15,12.0,17.0,83.5,88.5,8,1
2003-05-16,12.0,17.0,83.5,89.5,8,1
2003-05-17,12.0,17.0,84.5,92.0,8,1
2003-05-18,12.0,17.5,87.5,94.0,7,1
2003-07-25,18.5,24.0,85.5,91.5,2,1
2003-07-26,19.5,24.5,81.5,88.5,2,1
2003-07-27,20.0,25.0,77.5,82.5,1,1
2003-08-27,18.0,23.0,86.0,91.0,1,1
2003-10-06,14.0,20.0,81.5,86.5,2,1
2003-10-07,16.5,21.5,80.5,85.5,2,1
2003-10-08,18.5,24.0,80.0,87.0,2,1
2003-10-26,11.0,16.0,91.0,96.0,1,1
2003-10-27,11.5,16.5,88.0,93.0,1,1
2003-12-11,5.0,7.0,88.0,93.0,1,1
2003-12-12,5.0,10.0,85.5,91.5,2,1
2003-12-13,6.5,13.0,84.0,90.0,5,1
2003-12-14,8.0,15.3,80.0,88.5,7,1
2004-05-16,14.5,20.5,88.0,94.0,4,1
2004-05-17,16.0,21.5,86.0,93.0,8,1
2004-05-18,16.5,21.5,86.0,91.0,2,1
2004-06-11,13.0,18.0,86.5,92.5,7,1
2004-06-12,13.5,20.5,83.5,90.5,5,1
2004-06-13,17.0,22.5,83.0,88.0,2,1
2004-10-02,9.0,15.5,83.0,89.5,7,1
2004-10-03,11.0,17.0,82.0,87.5,2,1
2005-01-13,5.0,8.0,84.5,89.5,1,1
2005-01-14,5.0,8.0,84.5,89.5,2,1
2005-01-15,5.0,8.0,84.5,89.5,7,1
2005-01-16,5.0,8.0,84.0,89.5,5,1
2005-07-29,19.0,24.0,85.0,90.0,2,1
2005-07-30,19.0,24.0,83.0,90.0,2,1
2005-09-12,17.5,23.5,82.5,90.5,2,1
2005-09-13,19.0,24.5,80.0,86.5,2,1
2005-09-14,20.5,25.0,77.5,82.5,2,1
2005-09-15,22.0,25.0,75.5,81.0,2,1
2005-09-17,17.5,23.0,87.5,93.0,2,1
2005-09-18,16.0,23.0,82.0,90.0,7,1
2005-09-19,16.0,21.0,81.0,87.0,5,1
2005-09-20,16.5,21.5,78.0,85.0,2,1
2005-10-26,9.5,15.0,81.5,87.0,7,1
2005-10-27,10.0,16.0,79.0,86.5,5,1
2005-10-28,13.0,18.0,77.5,82.5,1,1
2005-11-20,5.5,10.5,81.5,87.0,7,1
2005-11-21,5.5,11.5,79.5,86.5,4,1
2005-11-28,8.0,13.0,85.5,93.0,7,1
2005-11-29,8.0,14.5,81.5,90.0,8,1
2005-11-30,9.5,15.0,81.5,86.5,8,1
2005-12-01,10.0,15.0,81.5,86.5,2,1
2005-12-06,8.0,13.5,86.0,92.0,7,1
2005-12-07,8.5,13.5,83.5,91.0,8,1
2005-12-08,8.0,13.5,81.5,88.5,8,1
2005-12-09,8.0,13.0,79.5,85.5,4,1
2005-12-15,5.5,10.5,84.5,89.5,4,1
2005-12-16,5.5,10.5,82.0,89.5,8,1
2005-12-17,5.5,11.5,80.5,86.5,8,1
2005-12-18,7.0,13.5,80.0,85.5,8,1
2005-12-19,8.5,14.0,80.0,85.0,8,1
2005-12-20,9.0,14.5,80.5,87.0,8,1
2005-12-21,9.5,14.5,82.0,87.0,1,1
2006-04-25,7.0,12.5,87.0,93.0,7,1
2006-04-26,8.0,14.5,86.5,93.0,8,1
2006-04-27,9.5,16.0,88.0,93.0,8,1
2006-04-28,11.5,17.5,88.5,94.5,3,1
2006-07-02,17.5,23.0,83.5,92.0,8,1
2006-07-03,18.0,23.5,80.0,88.0,8,1
2006-07-04,18.5,24.0,78.5,84.5,3,1
2006-08-02,17.5,23.0,83.0,90.0,7,1
2006-08-03,17.0,22.0,80.5,87.5,7,1
2006-08-04,17.0,23.0,79.5,85.5,4,1
2006-08-16,18.0,23.5,82.5,90.5,7,1
2006-08-17,19.0,25.0,80.5,87.0,4,1
2006-08-29,18.0,23.5,81.0,90.0,7,1
2006-08-30,18.5,25.0,78.0,85.5,8,1
2006-08-31,20.5,25.0,75.5,82.5,3,1
2006-09-03,17.5,23.1,85.0,92.5,7,1
2006-09-28,15.5,21.5,84.5,91.5,5,1
2006-09-29,16.5,21.5,84.0,89.0,1,1
2006-10-29,11.5,17.5,78.0,83.0,4,1
2007-05-03,11.0,16.5,90.5,96.0,4,1
2007-05-13,12.5,18.5,88.0,93.0,7,1
2007-06-21,13.0,19.0,80.0,88.5,7,1
2007-06-22,14.0,19.0,76.5,84.5,4,1
2007-06-28,16.0,22.0,83.5,89.5,8,1
2007-06-29,17.0,23.0,82.0,88.5,5,1
2007-07-04,19.5,25.0,87.0,92.0,7,1
2007-07-05,20.5,25.0,85.5,92.0,8,1
2007-07-06,20.5,25.0,83.5,90.5,8,1
2007-07-07,20.5,25.0,79.5,88.5,8,1
2007-07-08,21.0,25.0,76.5,84.5,4,1
2007-08-05,17.5,23.0,85.0,91.0,8,1
2007-08-06,18.0,23.0,82.0,89.5,4,1
2007-11-11,7.5,13.0,89.0,94.5,5,1
2007-11-12,8.0,14.0,87.5,94.0,8,1
2007-11-13,9.5,16.5,87.0,92.0,8,1
2007-11-14,12.0,19.5,86.5,92.0,8,1
2007-11-15,15.0,20.5,86.5,91.5,2,1
2008-04-27,9.5,15.5,83.0,89.5,7,1
2008-04-28,10.5,15.5,83.0,88.0,8,1
2008-04-29,10.5,16.5,83.0,88.5,8,1
2008-04-30,11.5,17.5,83.5,90.0,8,1
2008-05-01,13.0,18.5,85.5,94.5,8,1
2008-05-02,13.5,18.5,90.0,96.5,4,1
2008-06-16,19.0,24.5,87.0,92.5,3,1
2008-06-17,20.5,25.0,86.0,91.0,1,1
2008-09-15,17.0,22.0,85.5,91.0,3,1
2008-09-16,17.0,23.0,84.5,90.5,3,1
2008-09-17,19.0,24.5,82.0,88.0,3,1
2008-09-18,20.0,25.0,79.5,85.0,2,1
2008-10-25,14.0,20.5,84.0,89.5,4,1
2008-10-26,15.5,21.0,84.5,90.0,2,1
2008-11-13,9.0,14.5,82.5,88.0,2,1
2008-11-14,9.5,17.0,80.5,87.5,8,1
2008-11-15,12.0,17.0,80.0,85.5,2,1
2008-11-25,6.0,12.5,77.5,83.5,5,1
2008-11-26,7.5,13.3,77.5,82.5,4,1
2008-12-04,5.0,9.5,86.5,92.5,4,1
2008-12-05,5.0,11.0,84.5,91.0,4,1
2008-12-06,6.0,11.0,81.5,87.5,3,1
2009-04-14,10.0,15.0,85.5,90.5,2,1
2009-04-15,10.5,18.5,84.0,90.5,7,1
2009-04-16,14.0,21.0,83.5,89.0,6,1
2009-05-23,14.0,19.5,85.5,91.0,3,1
2009-05-24,14.5,22.5,85.5,91.0,8,1
2009-05-25,17.5,24.0,85.5,90.5,3,1
2009-07-20,18.5,23.5,86.0,91.0,2,1
2009-09-05,18.0,25.0,84.5,90.5,5,1
2009-09-06,20.5,25.0,83.0,89.0,3,1
2009-12-10,5.0,9.0,82.5,87.5,3,1
2009-12-11,5.0,11.5,82.0,87.0,7,1
2009-12-12,7.0,12.5,81.0,87.0,5,1
2009-12-13,6.5,12.0,80.0,85.5,5,1
2009-12-14,6.5,11.5,79.5,84.5,1,1
2010-05-17,8.0,14.0,85.0,91.0,3,1
2010-05-18,9.0,15.5,79.5,89.0,8,1
2010-05-19,11.0,17.0,78.5,84.5,8,1
2010-05-20,12.5,18.2,78.0,83.5,3,1
2010-10-07,14.0,21.5,82.0,88.0,4,1
2010-10-13,15.0,20.5,86.0,92.5,3,1
2010-10-14,15.5,20.5,85.5,91.0,5,1
2010-10-15,16.0,21.0,85.0,90.0,1,1
2010-10-20,15.0,20.0,89.0,94.0,2,1
2010-10-21,15.0,21.0,89.0,95.0,8,1
2010-10-22,16.0,21.5,90.0,95.5,3,1
2010-11-04,5.5,11.0,87.0,94.5,5,1
2010-11-05,6.5,12.5,83.5,91.0,8,1
2010-11-06,7.5,13.5,81.5,88.0,7,1
2010-11-07,8.5,14.5,80.5,86.0,2,1
2011-06-16,19.0,25.0,86.5,91.5,4,1
2011-06-17,20.0,25.0,85.5,91.5,5,1
2011-06-18,20.5,25.0,84.0,90.0,5,1
2011-06-19,20.5,25.0,82.0,88.5,5,1
2011-06-20,21.0,25.0,80.5,86.5,5,1
2011-06-21,22.0,25.0,78.5,85.0,5,1
2011-09-22,19.0,24.1,84.8,90.0,2,1
2011-10-19,17.5,22.5,88.0,93.0,1,1
2011-12-25,6.0,11.5,85.5,91.0,2,1
2011-12-26,7.0,13.5,85.0,90.0,6,1
2011-12-27,9.0,15.0,83.5,90.0,8,1
2011-12-28,10.0,15.0,81.0,88.0,8,1
2011-12-29,9.5,14.8,78.8,85.5,4,1
2012-10-28,7.0,12.0,82.0,88.5,3,1
2012-10-29,6.5,12.0,79.5,86.5,5,1
2012-10-30,6.5,12.5,79.5,84.5,7,1
2012-10-31,8.0,15.5,76.0,84.0,5,1
2012-11-17,13.0,18.5,86.5,92.5,3,1
2012-11-18,13.5,18.5,85.0,91.0,4,1
2013-05-10,5.0,8.5,89.0,94.5,3,1
2013-05-11,5.0,12.0,86.0,93.5,8,1
2013-05-12,7.5,13.5,84.0,90.5,8,1
2013-05-13,9.0,15.5,83.0,89.0,8,1
2013-05-14,11.0,18.0,83.0,89.0,8,1
2013-05-15,13.5,21.5,84.5,91.0,6,1
2013-05-29,18.5,24.6,85.9,92.0,4,1
2013-05-30,19.7,24.8,85.0,90.3,3,1
2013-07-30,18.5,24.2,84.5,90.5,3,1
2013-07-31,19.3,24.3,81.5,86.5,1,1
2013-08-20,19.5,25.0,85.0,90.0,5,1
2013-08-21,20.7,25.0,81.5,89.5,4,1
2013-08-22,20.7,25.0,79.5,84.5,1,1
2013-10-08,9.5,15.0,91.5,98.5,4,1
2013-10-09,10.5,16.5,89.5,96.0,8,1
2013-10-10,12.0,18.0,86.5,94.0,8,1
2013-10-11,13.5,19.6,84.3,91.0,8,1
2013-10-12,15.0,22.0,82.3,89.0,6,1
2013-10-13,18.0,24.0,81.5,87.0,3,1
2013-11-13,9.0,14.0,83.0,89.0,5,1
2013-11-14,8.0,14.0,82.0,87.5,5,1
2013-11-15,7.0,12.5,79.5,86.5,5,1
2013-11-19,12.0,17.5,82.0,89.0,6,1
2013-11-20,12.5,18.0,81.1,86.5,8,1
2013-11-21,13.1,18.7,80.2,86.0,6,1
2013-11-23,6.0,11.5,93.5,99.0,2,1
2013-11-24,7.5,14.0,90.0,97.5,7,1
2013-11-25,9.5,15.0,88.5,95.0,7,1
2013-11-26,10.0,15.7,85.0,93.0,8,1
2013-11-27,11.0,17.0,82.5,89.5,5,1
2013-12-06,7.5,12.9,81.5,86.5,4,1
2013-12-07,8.0,14.0,81.6,87.1,8,1
2013-12-08,9.3,16.1,82.1,87.2,8,1
2013-12-09,11.3,17.3,82.2,87.3,8,1
2013-12-10,12.4,18.2,82.2,87.8,6,1
2013-12-11,10.4,16.8,80.2,86.7,6,1
2014-01-04,6.0,11.7,80.0,86.0,4,1
2014-01-05,6.800000000000001,11.8,79.0,84.5,3,1
2014-01-06,6.800000000000001,11.8,78.8,83.8,1,1
2014-05-21,13.0,19.0,88.0,93.5,4,1
2014-05-22,14.0,19.0,89.5,94.5,1,1
2014-08-03,19.0,24.4,85.8,91.0,2,1
2014-08-04,19.7,25.0,83.6,89.7,4,1
2014-08-05,19.7,25.0,78.1,86.0,5,1
2014-10-07,9.0,14.5,91.0,97.5,4,1
2014-10-08,9.7,16.0,87.1,95.5,8,1
2014-10-09,11.2,17.1,85.2,91.7,8,1
2014-10-10,11.9,18.2,83.6,90.1,8,1
2014-10-11,13.4,19.2,81.9,88.2,8,1
2014-10-12,14.7,21.2,79.8,86.7,5,1
2014-10-13,17.0,23.2,79.0,84.0,3,1
2014-11-05,10.5,16.0,85.0,90.0,2,1
2014-11-06,11.3,16.6,85.0,90.5,5,1
2014-11-07,11.5,16.5,85.0,90.0,1,1
2015-06-20,15.5,21.7,82.9,88.5,4,1
2015-07-26,19.5,24.5,88.0,93.3,5,1
2015-07-27,19.5,24.5,88.0,93.0,5,1
2015-07-28,18.8,24.5,87.7,93.1,5,1
2015-07-29,18.5,24.1,88.5,93.9,5,1
2015-07-30,19.2,25.0,88.6,93.9,5,1
2015-07-31,20.6,25.0,86.9,92.5,5,1
2015-08-01,20.7,25.0,86.3,91.7,3,1
2015-11-08,8.2,13.7,78.9,86.2,4,1
2015-11-09,8.9,14.1,77.8,83.2,2,1
2016-05-17,8.5,15.0,78.2,83.5,4,1
2016-05-18,10.5,16.9,78.3,83.5,5,1
2016-05-19,12.6,19.3,78.9,85.3,7,1
2016-05-20,14.7,22.9,80.8,90.2,7,1
2016-05-21,18.5,23.5,86.5,91.5,1,1
2016-08-16,18.5,23.7,86.2,91.5,2,1
2016-08-17,19.0,25.0,84.4,91.0,4,1
2016-08-18,21.2,25.0,80.2,88.2,5,1
2016-08-19,22.2,25.0,75.9,84.8,5,1
2016-10-21,11.0,16.4,86.0,92.4,5,1
2016-10-22,11.4,17.7,87.5,95.0,5,1
2016-10-23,13.0,18.5,90.5,95.7,5,1
2016-10-24,13.9,19.3,89.8,95.7,5,1
2016-10-25,14.0,19.5,87.1,94.2,8,1
2016-10-26,13.6,19.1,83.9,91.5,5,1
2016-11-02,10.2,15.2,85.5,90.5,1,1
2016-11-03,10.5,17.1,82.5,89.5,5,1
2016-11-04,13.0,19.4,82.2,87.5,5,1
2016-11-05,15.2,21.0,83.5,89.5,3,1
2016-11-29,5.0,9.7,84.2,90.0,2,1
2016-11-30,5.3,12.8,80.5,88.2,5,1
2016-12-01,7.9,12.9,79.3,84.3,1,1
2016-12-06,6.0,12.0,88.0,93.0,2,1
2016-12-07,7.300000000000001,13.3,88.0,93.0,5,1
2016-12-08,8.7,14.5,88.0,93.0,8,1
2016-12-09,9.5,15.0,86.5,92.9,8,1
2016-12-10,10.1,15.8,82.5,90.9,8,1
2016-12-11,10.6,15.8,79.8,87.2,7,1
2016-12-12,10.7,15.7,79.1,84.1,1,1
2017-04-15,9.5,18.0,85.5,93.7,7,1
2017-04-16,13.7,18.7,89.5,94.5,1,1
2017-05-28,11.5,19.1,86.0,93.8,8,1
2017-05-29,14.5,22.5,88.8,94.1,6,1
2017-06-11,18.0,24.0,87.0,92.5,2,1
2017-07-18,16.5,21.5,83.5,88.5,1,1
2017-10-09,19.9,25.0,85.8,90.9,3,1
2017-10-19,14.0,22.8,83.8,89.0,5,1
2017-10-20,18.3,25.0,,,5,1
2017-11-15,12.5,19.5,80.5,86.3,4,1
2017-11-16,15.0,20.2,81.6,86.8,2,1
2017-11-29,5.0,9.0,76.1,84.3,5,1
2017-11-30,5.0,11.1,72.0,80.8,8,1
2017-12-01,6.300000000000001,12.0,69.3,76.5,8,1
2017-12-02,7.1,13.8,67.0,74.0,8,1
2017-12-03,9.2,16.5,66.0,71.7,8,1
2017-12-04,12.0,19.0,66.0,72.3,7,1
2017-12-06,6.0,12.5,85.5,91.0,4,1
2017-12-07,8.6,15.9,85.1,90.5,5,1
2017-12-08,11.8,18.0,84.2,89.5,3,1
2018-07-21,18.5,24.5,84.5,90.5,4,1
2018-07-22,19.7,24.7,84.3,89.3,1,1
2018-09-06,19.3,24.3,85.4,90.5,2,1
2018-09-19,14.7,19.9,86.3,91.5,2,1
2018-09-20,15.0,21.7,82.5,90.0,5,1
2018-09-21,17.5,23.5,78.9,86.2,3,1
2018-10-08,11.5,17.0,85.1,91.3,4,1
2018-10-09,12.2,18.2,83.3,89.6,8,1
2018-10-10,13.5,20.7,82.6,88.3,7,1
2018-10-11,16.3,22.8,81.2,86.9,6,1
2018-11-10,9.2,15.5,87.4,95.0,4,1
2018-11-11,10.9,16.0,84.7,91.4,7,1
2018-11-12,10.1,15.8,84.4,90.0,8,1
2018-11-13,10.6,16.0,83.0,89.7,8,1
2018-11-14,9.3,15.6,80.9,87.8,8,1
2018-11-15,8.0,14.0,77.8,85.7,5,1
2018-11-16,7.4,13.0,72.8,81.7,5,1
2018-11-17,7.300000000000001,12.6,68.0,76.8,5,1
2018-11-18,7.800000000000001,13.2,66.0,72.1,4,1
2018-12-13,5.0,10.1,85.5,91.1,4,1
2018-12-14,6.0,11.3,83.7,89.9,4,1
2018-12-15,6.5,13.6,82.0,88.0,7,1
2018-12-16,8.8,16.5,80.0,86.8,7,1
2019-01-04,6.0,11.3,96.5,100.0,4,1
2019-01-05,6.4,12.9,94.0,100.0,5,1
2019-01-06,8.5,14.5,89.7,98.0,5,1
2019-04-26,5.0,6.2,86.3,92.2,4,1
2019-04-27,5.0,9.4,85.4,91.3,8,1
2019-04-28,5.0,11.0,84.4,90.4,8,1
2019-04-29,6.1,13.6,84.0,89.4,8,1
2019-04-30,9.2,16.1,81.7,89.0,8,1
2019-05-01,11.4,18.0,81.4,86.7,8,1
2019-05-02,13.4,21.1,82.0,87.7,8,1
2019-05-03,16.6,23.6,83.0,89.0,4,1
2019-08-06,18.0,23.3,85.1,90.5,4,1
2019-08-07,18.5,24.9,83.1,89.9,5,1
2019-08-08,20.3,25.0,79.4,86.5,3,1
2019-11-05,10.6,15.8,87.3,94.0,5,1
2019-11-06,10.9,16.3,86.8,92.2,5,1
2019-11-07,11.7,19.1,85.2,91.8,8,1
2019-11-08,14.4,22.1,85.1,90.2,8,1
2019-11-09,17.5,24.1,85.1,91.1,6,1
2019-11-10,19.6,24.6,87.0,92.0,1,1
2020-05-16,7.9,13.8,83.6,89.5,8,1
2020-05-17,8.9,15.4,83.5,88.9,8,1
2020-05-18,10.7,17.7,83.7,89.1,8,1
2020-05-19,13.1,21.2,84.2,89.7,8,1
2020-05-20,16.6,24.4,85.0,90.9,4,1
2020-10-11,12.8,18.1,82.7,89.0,5,1
2020-10-12,13.2,19.0,80.9,87.5,5,1
2020-10-13,14.4,19.8,79.0,85.0,3,1
2020-10-22,16.2,22.7,84.5,90.1,4,1
2020-11-23,6.800000000000001,12.5,80.8,87.0,5,1
2020-11-24,7.5,12.8,79.7,85.5,8,1
2020-11-25,8.0,14.5,77.6,84.5,6,1
2020-11-30,5.0,10.3,84.1,90.5,5,1
2020-12-01,5.3,10.9,80.9,88.5,7,1
2020-12-02,6.1,11.5,78.3,85.5,8,1
2020-12-03,6.5,11.7,76.1,82.8,5,1
2020-12-04,6.6,11.6,76.1,81.1,2,1
2021-04-02,8.5,13.5,93.8,98.8,2,1
2021-05-23,13.6,18.8,87.2,92.7,3,1
2021-05-24,13.8,20.3,86.4,92.2,8,1
2021-05-25,15.5,22.6,85.3,91.1,7,1
2021-05-26,18.3,25.0,83.5,89.8,5,1
2021-09-12,17.8,22.9,84.6,89.9,2,1
2021-09-13,18.1,24.1,82.3,89.5,5,1
2021-09-24,15.8,20.9,87.9,93.7,2,1
2021-09-25,15.8,20.9,85.1,92.2,7,1
2021-09-26,15.8,20.9,80.9,89.8,5,1
2021-09-27,15.9,20.9,80.0,85.3,2,1
2021-11-10,8.1,13.8,79.8,85.9,2,1
2021-11-18,8.5,13.5,79.8,84.8,1,1
2021-12-02,8.5,14.5,85.0,91.5,2,1
2021-12-03,10.9,18.4,82.3,88.9,6,1
2021-12-04,13.7,20.0,82.2,87.5,6,1
2022-03-03,5.0,10.3,80.6,86.5,5,1
2022-03-04,6.0,12.8,80.1,85.5,5,1
2022-03-05,8.5,13.5,80.1,85.1,1,1
2022-03-20,7.300000000000001,13.8,90.0,95.9,5,1
2022-03-21,9.4,16.5,91.2,96.5,5,1
2022-03-22,12.4,17.4,91.7,96.7,1,1
2022-05-07,6.9,13.3,87.6,93.8,3,1
2022-05-08,8.8,16.0,84.6,91.8,8,1
2022-05-09,11.4,17.7,82.4,89.3,8,1
2022-05-10,12.8,18.4,79.6,87.1,7,1
2022-05-11,13.6,18.6,79.3,84.3,1,1
2022-08-14,19.2,24.7,81.5,90.3,4,1
2022-08-15,19.9,25.0,78.6,85.3,3,1
2022-08-19,18.0,24.6,84.5,92.2,5,1
2022-08-20,20.0,25.0,80.4,88.5,5,1
2022-08-21,21.2,25.0,77.3,84.7,5,1
2022-08-22,21.8,25.0,76.6,81.6,1,1
2022-10-22,10.2,17.4,87.3,94.9,4,1
2022-10-23,12.8,20.0,85.6,91.5,7,1
2022-10-24,15.5,20.5,86.1,91.1,1,1
2022-11-20,7.5,13.9,82.1,88.0,5,1
2022-11-21,9.4,14.4,81.7,86.7,1,1
2022-12-06,5.699999999999999,10.9,84.5,90.7,2,1
2022-12-07,6.1,11.8,81.9,88.8,6,1
2022-12-08,6.9,13.2,79.5,86.6,8,1
2022-12-09,8.5,13.9,78.8,84.2,3,1
2022-12-22,6.5,12.6,81.7,87.5,4,1
2022-12-23,7.6,13.1,81.7,87.9,5,1
2022-12-24,7.9,13.3,81.2,87.0,3,1
2023-01-30,5.2,10.6,82.8,89.7,4,1
2023-01-31,5.699999999999999,11.1,80.4,87.3,5,1
2023-02-01,5.699999999999999,10.7,79.8,85.2,4,1
2023-05-09,5.800000000000001,11.0,86.8,92.0,2,1
2023-05-10,6.0,13.3,85.7,91.5,5,1
2023-05-11,8.7,15.4,85.5,90.6,8,1
2023-05-12,10.7,17.7,85.6,91.4,8,1
2023-05-13,12.9,20.8,86.6,93.8,8,1
2023-05-14,16.2,21.2,89.0,94.0,1,1
2023-08-01,18.0,25.0,86.5,94.0,5,1
2023-08-02,20.6,25.0,83.8,89.9,3,1
2023-10-21,12.2,17.3,83.8,88.9,2,1
2023-10-22,12.4,18.9,83.7,89.1,8,1
2023-10-23,14.2,21.6,84.2,90.5,7,1
2023-10-24,17.2,22.8,86.3,92.5,3,1
2023-11-15,12.0,18.5,83.9,89.3,4,1
2023-11-16,14.4,21.6,84.3,90.5,5,1
2023-11-17,17.6,22.6,86.0,91.0,1,1
2023-12-01,6.800000000000001,12.8,82.6,88.7,4,1
2023-12-02,8.1,13.6,80.2,86.1,4,1
2023-12-03,8.9,15.5,78.9,85.0,8,1
2023-12-04,10.6,17.0,77.8,83.7,7,1
2023-12-05,12.4,17.4,77.7,82.7,1,1
2024-05-24,12.5,19.3,85.9,91.9,5,1
2024-05-25,15.1,21.9,86.9,92.2,7,1
2024-05-26,17.0,24.2,86.7,91.9,7,1
2024-05-27,20.0,25.0,86.7,91.7,3,1
2024-07-19,16.6,21.7,83.5,88.7,2,1
2024-08-31,15.0,20.7,81.3,87.1,5,1
2024-09-01,16.0,21.2,79.6,85.5,3,1
2024-09-08,15.4,21.4,83.8,89.5,5,1
2024-09-09,16.8,22.5,83.5,88.7,3,1
2024-09-13,19.5,24.8,87.9,93.3,2,1
2024-09-14,19.9,25.0,85.8,92.1,5,1
2024-09-15,20.1,25.0,84.7,90.5,5,1
2024-09-16,20.5,25.0,82.1,89.5,5,1
2024-10-15,8.9,14.3,81.5,86.9,2,1
2024-10-22,12.9,18.3,88.0,94.1,5,1
2024-10-23,13.7,20.8,85.8,92.3,8,1
2024-10-24,16.1,23.0,84.6,90.7,6,1
2024-11-25,5.0,8.0,80.7,87.8,4,1
2024-11-26,5.0,10.0,80.1,85.4,5,1
2024-11-27,5.699999999999999,11.5,79.7,84.9,5,1
2024-11-28,6.5,12.6,79.7,85.3,5,1
2024-11-29,7.9,14.4,79.0,85.2,8,1
2024-11-30,9.5,14.8,77.3,83.7,5,1
2025-05-29,18.3,24.5,85.8,90.9,3,1
2025-07-25,18.9,25.0,84.1,92.0,5,1
2025-09-26,16.8,21.8,83.0,88.6,2,1
2025-09-27,16.8,21.8,82.3,87.3,1,1
2025-10-01,13.3,19.3,83.5,89.0,3,1
2025-10-02,15.2,21.1,82.8,88.2,3,1
2025-10-25,8.3,13.5,85.2,91.5,5,1
2025-10-26,8.6,14.4,83.0,89.8,6,1
2025-10-27,9.7,16.9,80.8,87.8,8,1
2025-10-28,12.2,18.8,79.2,85.5,5,1
2025-11-25,5.0,7.9,96.0,100.0,4,1
2025-11-26,5.0,8.4,80.1,100.0,6,2
2025-11-27,5.0,10.6,78.7,84.9,8,1
2025-11-28,5.699999999999999,11.7,78.3,83.6,8,1
2025-11-29,6.9,13.2,78.1,83.2,6,1
2025-11-30,8.6,14.8,78.1,83.1,5,1
2025-12-01,10.3,15.5,78.1,83.1,5,1
