SID,SEASON,NAME,ISO_TIME,LAT,LON,USA_WIND,USA_PRES
2020136N10088,2020,AMPHAN,2020-05-15 06:00:00,9.5,87.5,20.0,1007.0
2020136N10088,2020,AMPHAN,2020-05-15 09:00:00,9.5,87.2,25.0,1005.0
2020136N10088,2020,AMPHAN,2020-05-15 12:00:00,9.5,87.0,30.0,1002.0
2020136N10088,2020,AMPHAN,2020-05-15 15:00:00,9.5,86.8,30.0,1002.0
2020136N10088,2020,AMPHAN,2020-05-15 18:00:00,9.5,86.6,30.0,1001.0
2020136N10088,2020,AMPHAN,2020-05-15 21:00:00,9.6,86.5,33.0,1000.0
2020136N10088,2020,AMPHAN,2020-05-16 00:00:00,9.8,86.4,35.0,999.0
2020136N10088,2020,AMPHAN,2020-05-16 03:00:00,10.1,86.2,38.0,998.0
2020136N10088,2020,AMPHAN,2020-05-16 06:00:00,10.3,86.1,40.0,997.0
2020136N10088,2020,AMPHAN,2020-05-16 09:00:00,10.5,86.1,45.0,995.0
2020136N10088,2020,AMPHAN,2020-05-16 12:00:00,10.6,86.2,50.0,992.0
2020136N10088,2020,AMPHAN,2020-05-16 15:00:00,10.8,86.1,53.0,990.0
2020136N10088,2020,AMPHAN,2020-05-16 18:00:00,10.9,86.1,55.0,987.0
2020136N10088,2020,AMPHAN,2020-05-16 21:00:00,11.1,86.1,58.0,985.0
2020136N10088,2020,AMPHAN,2020-05-17 00:00:00,11.2,86.1,60.0,982.0
2020136N10088,2020,AMPHAN,2020-05-17 03:00:00,11.3,86.1,65.0,980.0
2020136N10088,2020,AMPHAN,2020-05-17 06:00:00,11.5,86.2,70.0,978.0
2020136N10088,2020,AMPHAN,2020-05-17 09:00:00,11.6,86.2,75.0,974.0
2020136N10088,2020,AMPHAN,2020-05-17 12:00:00,11.9,86.2,80.0,970.0
2020136N10088,2020,AMPHAN,2020-05-17 15:00:00,12.5,86.4,100.0,951.0
2020136N10088,2020,AMPHAN,2020-05-17 18:00:00,12.5,86.4,120.0,932.0
2020136N10088,2020,AMPHAN,2020-05-17 21:00:00,12.9,86.5,125.0,926.0
2020136N10088,2020,AMPHAN,2020-05-18 00:00:00,13.2,86.4,130.0,919.0
2020136N10088,2020,AMPHAN,2020-05-18 03:00:00,13.3,86.2,135.0,915.0
2020136N10088,2020,AMPHAN,2020-05-18 06:00:00,13.4,86.2,140.0,911.0
2020136N10088,2020,AMPHAN,2020-05-18 09:00:00,13.7,86.2,143.0,906.0
2020136N10088,2020,AMPHAN,2020-05-18 12:00:00,14.1,86.4,145.0,901.0
2020136N10088,2020,AMPHAN,2020-05-18 15:00:00,14.5,86.5,143.0,906.0
2020136N10088,2020,AMPHAN,2020-05-18 18:00:00,14.9,86.6,140.0,910.0
2020136N10088,2020,AMPHAN,2020-05-18 21:00:00,15.2,86.7,133.0,918.0
2020136N10088,2020,AMPHAN,2020-05-19 00:00:00,15.6,86.8,125.0,925.0
2020136N10088,2020,AMPHAN,2020-05-19 03:00:00,16.0,86.9,118.0,933.0
2020136N10088,2020,AMPHAN,2020-05-19 06:00:00,16.5,87.0,110.0,941.0
2020136N10088,2020,AMPHAN,2020-05-19 09:00:00,16.9,87.0,108.0,944.0
2020136N10088,2020,AMPHAN,2020-05-19 12:00:00,17.3,87.1,105.0,946.0
2020136N10088,2020,AMPHAN,2020-05-19 15:00:00,17.9,87.1,105.0,946.0
2020136N10088,2020,AMPHAN,2020-05-19 18:00:00,18.3,87.2,105.0,945.0
2020136N10088,2020,AMPHAN,2020-05-19 21:00:00,18.7,87.3,103.0,946.0
2020136N10088,2020,AMPHAN,2020-05-20 00:00:00,19.2,87.5,100.0,947.0
2020136N10088,2020,AMPHAN,2020-05-20 03:00:00,19.8,87.7,98.0,950.0
2020136N10088,2020,AMPHAN,2020-05-20 06:00:00,20.6,88.0,95.0,953.0
2020136N10088,2020,AMPHAN,2020-05-20 09:00:00,21.4,88.1,95.0,954.0
2020136N10088,2020,AMPHAN,2020-05-20 12:00:00,22.1,88.4,95.0,954.0
2020136N10088,2020,AMPHAN,2020-05-20 15:00:00,22.8,88.6,83.0,964.0
2020136N10088,2020,AMPHAN,2020-05-20 18:00:00,23.5,89.1,70.0,974.0
2020136N10088,2020,AMPHAN,2020-05-20 21:00:00,24.3,89.3,60.0,979.0
2020136N10088,2020,AMPHAN,2020-05-21 00:00:00,24.6,89.6,50.0,984.0
2020136N10088,2020,AMPHAN,2020-05-21 03:00:00,25.1,89.9,40.0,992.0
2020136N10088,2020,AMPHAN,2020-05-21 06:00:00,25.4,90.1,30.0,1000.0
2020136N10088,2020,AMPHAN,2020-05-21 09:00:00,25.2,89.6,,
2020136N10088,2020,AMPHAN,2020-05-21 12:00:00,25.4,89.6,,
2019116N02090,2019,FANI,2019-04-25 18:00:00,1.9,90.2,25.0,1004.0
2019116N02090,2019,FANI,2019-04-25 21:00:00,2.1,90.1,25.0,1004.0
2019116N02090,2019,FANI,2019-04-26 00:00:00,2.2,90.0,25.0,1003.0
2019116N02090,2019,FANI,2019-04-26 03:00:00,2.3,89.8,25.0,1003.0
2019116N02090,2019,FANI,2019-04-26 06:00:00,2.5,89.7,25.0,1003.0
2019116N02090,2019,FANI,2019-04-26 09:00:00,2.8,89.8,25.0,1003.0
2019116N02090,2019,FANI,2019-04-26 12:00:00,3.2,89.8,25.0,1003.0
2019116N02090,2019,FANI,2019-04-26 15:00:00,3.5,89.7,28.0,1004.0
2019116N02090,2019,FANI,2019-04-26 18:00:00,3.8,89.5,30.0,1004.0
2019116N02090,2019,FANI,2019-04-26 21:00:00,4.2,89.4,33.0,1004.0
2019116N02090,2019,FANI,2019-04-27 00:00:00,4.6,89.4,35.0,1003.0
2019116N02090,2019,FANI,2019-04-27 03:00:00,4.9,89.4,40.0,1001.0
2019116N02090,2019,FANI,2019-04-27 06:00:00,5.1,89.4,45.0,998.0
2019116N02090,2019,FANI,2019-04-27 09:00:00,5.5,89.3,45.0,997.0
2019116N02090,2019,FANI,2019-04-27 12:00:00,6.0,89.2,45.0,996.0
2019116N02090,2019,FANI,2019-04-27 15:00:00,6.4,88.9,45.0,996.0
2019116N02090,2019,FANI,2019-04-27 18:00:00,6.6,88.5,45.0,996.0
2019116N02090,2019,FANI,2019-04-27 21:00:00,6.8,88.2,45.0,997.0
2019116N02090,2019,FANI,2019-04-28 00:00:00,7.1,88.1,45.0,998.0
2019116N02090,2019,FANI,2019-04-28 03:00:00,7.2,88.1,45.0,998.0
2019116N02090,2019,FANI,2019-04-28 06:00:00,7.4,88.1,45.0,998.0
2019116N02090,2019,FANI,2019-04-28 09:00:00,7.6,87.9,45.0,997.0
2019116N02090,2019,FANI,2019-04-28 12:00:00,8.0,87.6,45.0,996.0
2019116N02090,2019,FANI,2019-04-28 15:00:00,8.1,87.5,45.0,996.0
2019116N02090,2019,FANI,2019-04-28 18:00:00,8.2,87.5,45.0,995.0
2019116N02090,2019,FANI,2019-04-28 21:00:00,8.4,87.4,45.0,992.0
2019116N02090,2019,FANI,2019-04-29 00:00:00,8.6,87.4,45.0,989.0
2019116N02090,2019,FANI,2019-04-29 03:00:00,8.8,87.2,48.0,987.0
2019116N02090,2019,FANI,2019-04-29 06:00:00,9.3,87.2,50.0,985.0
2019116N02090,2019,FANI,2019-04-29 09:00:00,9.8,87.1,55.0,986.0
2019116N02090,2019,FANI,2019-04-29 12:00:00,10.2,87.1,60.0,987.0
2019116N02090,2019,FANI,2019-04-29 15:00:00,10.5,86.9,65.0,984.0
2019116N02090,2019,FANI,2019-04-29 18:00:00,10.9,86.8,70.0,981.0
2019116N02090,2019,FANI,2019-04-29 21:00:00,11.3,86.6,78.0,976.0
2019116N02090,2019,FANI,2019-04-30 00:00:00,11.8,86.5,85.0,971.0
2019116N02090,2019,FANI,2019-04-30 03:00:00,12.3,86.2,88.0,969.0
2019116N02090,2019,FANI,2019-04-30 06:00:00,12.7,85.8,90.0,967.0
2019116N02090,2019,FANI,2019-04-30 09:00:00,13.0,85.3,93.0,966.0
2019116N02090,2019,FANI,2019-04-30 12:00:00,13.3,84.8,95.0,964.0
2019116N02090,2019,FANI,2019-04-30 15:00:00,13.4,84.6,100.0,960.0
2019116N02090,2019,FANI,2019-04-30 18:00:00,13.5,84.4,105.0,955.0
2019116N02090,2019,FANI,2019-04-30 21:00:00,13.6,84.2,105.0,954.0
2019116N02090,2019,FANI,2019-05-01 00:00:00,13.9,84.1,105.0,952.0
2019116N02090,2019,FANI,2019-05-01 03:00:00,14.1,84.0,105.0,952.0
2019116N02090,2019,FANI,2019-05-01 06:00:00,14.2,84.0,105.0,951.0
2019116N02090,2019,FANI,2019-05-01 09:00:00,14.5,84.1,105.0,951.0
2019116N02090,2019,FANI,2019-05-01 12:00:00,14.9,84.1,105.0,951.0
2019116N02090,2019,FANI,2019-05-01 15:00:00,15.0,84.2,105.0,951.0
2019116N02090,2019,FANI,2019-05-01 18:00:00,15.2,84.2,105.0,951.0
2019116N02090,2019,FANI,2019-05-01 21:00:00,15.5,84.3,108.0,946.0
2019116N02090,2019,FANI,2019-05-02 00:00:00,15.9,84.6,110.0,941.0
2019116N02090,2019,FANI,2019-05-02 03:00:00,16.2,84.7,115.0,938.0
2019116N02090,2019,FANI,2019-05-02 06:00:00,16.8,84.8,120.0,934.0
2019116N02090,2019,FANI,2019-05-02 09:00:00,17.2,84.8,135.0,917.0
2019116N02090,2019,FANI,2019-05-02 12:00:00,17.6,84.8,150.0,900.0
2019116N02090,2019,FANI,2019-05-02 15:00:00,17.9,84.9,148.0,903.0
2019116N02090,2019,FANI,2019-05-02 18:00:00,18.3,85.0,145.0,905.0
2019116N02090,2019,FANI,2019-05-02 21:00:00,18.6,85.2,140.0,912.0
2019116N02090,2019,FANI,2019-05-03 00:00:00,19.1,85.5,135.0,918.0
2019116N02090,2019,FANI,2019-05-03 03:00:00,19.6,85.7,125.0,930.0
2019116N02090,2019,FANI,2019-05-03 06:00:00,20.2,85.9,115.0,942.0
2019116N02090,2019,FANI,2019-05-03 09:00:00,20.7,86.1,95.0,957.0
2019116N02090,2019,FANI,2019-05-03 12:00:00,21.2,86.5,75.0,971.0
2019116N02090,2019,FANI,2019-05-03 15:00:00,21.6,86.9,65.0,978.0
2019116N02090,2019,FANI,2019-05-03 18:00:00,22.1,87.4,55.0,985.0
2019116N02090,2019,FANI,2019-05-03 21:00:00,22.6,88.1,48.0,989.0
2019116N02090,2019,FANI,2019-05-04 00:00:00,23.2,88.5,40.0,993.0
2019116N02090,2019,FANI,2019-05-04 03:00:00,23.7,89.0,35.0,996.0
2019116N02090,2019,FANI,2019-05-04 06:00:00,24.4,89.5,30.0,999.0
2019116N02090,2019,FANI,2019-05-04 09:00:00,24.8,89.9,,
2019116N02090,2019,FANI,2019-05-04 12:00:00,25.2,90.7,,
2021133N10071,2021,TAUKTAE,2021-05-13 06:00:00,10.0,70.9,20.0,1007.0
2021133N10071,2021,TAUKTAE,2021-05-13 09:00:00,10.1,71.1,23.0,1006.0
2021133N10071,2021,TAUKTAE,2021-05-13 12:00:00,10.2,71.3,25.0,1004.0
2021133N10071,2021,TAUKTAE,2021-05-13 15:00:00,10.3,71.4,25.0,1002.0
2021133N10071,2021,TAUKTAE,2021-05-13 18:00:00,10.5,71.5,25.0,999.0
2021133N10071,2021,TAUKTAE,2021-05-13 21:00:00,10.7,71.6,28.0,998.0
2021133N10071,2021,TAUKTAE,2021-05-14 00:00:00,10.9,71.8,30.0,997.0
2021133N10071,2021,TAUKTAE,2021-05-14 03:00:00,11.0,72.0,33.0,998.0
2021133N10071,2021,TAUKTAE,2021-05-14 06:00:00,11.2,72.2,35.0,998.0
2021133N10071,2021,TAUKTAE,2021-05-14 09:00:00,11.5,72.4,38.0,997.0
2021133N10071,2021,TAUKTAE,2021-05-14 12:00:00,11.7,72.6,40.0,996.0
2021133N10071,2021,TAUKTAE,2021-05-14 15:00:00,12.0,72.7,43.0,993.0
2021133N10071,2021,TAUKTAE,2021-05-14 18:00:00,12.3,72.8,45.0,989.0
2021133N10071,2021,TAUKTAE,2021-05-14 21:00:00,12.4,72.8,48.0,989.0
2021133N10071,2021,TAUKTAE,2021-05-15 00:00:00,12.8,72.9,50.0,989.0
2021133N10071,2021,TAUKTAE,2021-05-15 03:00:00,13.0,72.9,53.0,996.0
2021133N10071,2021,TAUKTAE,2021-05-15 06:00:00,13.3,73.0,55.0,1002.0
2021133N10071,2021,TAUKTAE,2021-05-15 09:00:00,13.6,73.0,60.0,989.0
2021133N10071,2021,TAUKTAE,2021-05-15 12:00:00,13.9,73.0,65.0,975.0
2021133N10071,2021,TAUKTAE,2021-05-15 15:00:00,14.2,72.9,68.0,975.0
2021133N10071,2021,TAUKTAE,2021-05-15 18:00:00,14.5,72.8,70.0,975.0
2021133N10071,2021,TAUKTAE,2021-05-15 21:00:00,14.7,72.8,75.0,970.0
2021133N10071,2021,TAUKTAE,2021-05-16 00:00:00,15.0,72.8,80.0,965.0
2021133N10071,2021,TAUKTAE,2021-05-16 03:00:00,15.4,72.8,85.0,964.0
2021133N10071,2021,TAUKTAE,2021-05-16 06:00:00,15.8,72.8,90.0,962.0
2021133N10071,2021,TAUKTAE,2021-05-16 09:00:00,16.3,72.7,95.0,957.0
2021133N10071,2021,TAUKTAE,2021-05-16 12:00:00,16.8,72.5,100.0,952.0
2021133N10071,2021,TAUKTAE,2021-05-16 15:00:00,17.3,72.3,108.0,947.0
2021133N10071,2021,TAUKTAE,2021-05-16 18:00:00,17.7,72.0,115.0,942.0
2021133N10071,2021,TAUKTAE,2021-05-16 21:00:00,18.0,71.8,118.0,937.0
2021133N10071,2021,TAUKTAE,2021-05-17 00:00:00,18.4,71.7,120.0,931.0
2021133N10071,2021,TAUKTAE,2021-05-17 03:00:00,18.8,71.6,120.0,933.0
2021133N10071,2021,TAUKTAE,2021-05-17 06:00:00,19.3,71.5,120.0,934.0
2021133N10071,2021,TAUKTAE,2021-05-17 09:00:00,19.6,71.4,110.0,942.0
2021133N10071,2021,TAUKTAE,2021-05-17 12:00:00,20.1,71.4,100.0,949.0
2021133N10071,2021,TAUKTAE,2021-05-17 15:00:00,20.5,71.3,115.0,936.0
2021133N10071,2021,TAUKTAE,2021-05-17 18:00:00,20.9,71.2,110.0,942.0
2021133N10071,2021,TAUKTAE,2021-05-17 21:00:00,21.2,71.2,100.0,951.0
2021133N10071,2021,TAUKTAE,2021-05-18 00:00:00,21.5,71.2,90.0,959.0
2021133N10071,2021,TAUKTAE,2021-05-18 03:00:00,21.7,71.3,80.0,966.0
2021133N10071,2021,TAUKTAE,2021-05-18 06:00:00,22.1,71.6,70.0,972.0
2021133N10071,2021,TAUKTAE,2021-05-18 09:00:00,22.6,71.7,63.0,978.0
2021133N10071,2021,TAUKTAE,2021-05-18 12:00:00,23.2,72.1,55.0,984.0
2021133N10071,2021,TAUKTAE,2021-05-18 15:00:00,23.7,72.5,50.0,987.0
2021133N10071,2021,TAUKTAE,2021-05-18 18:00:00,24.1,73.1,45.0,989.0
2021133N10071,2021,TAUKTAE,2021-05-18 21:00:00,24.4,73.4,38.0,994.0
2021133N10071,2021,TAUKTAE,2021-05-19 00:00:00,24.6,73.6,30.0,998.0
2021133N10071,2021,TAUKTAE,2021-05-19 03:00:00,24.9,73.7,,
2021133N10071,2021,TAUKTAE,2021-05-19 06:00:00,25.8,74.8,,
2021143N15090,2021,YAAS,2021-05-23 00:00:00,15.5,90.0,20.0,1000.0
2021143N15090,2021,YAAS,2021-05-23 03:00:00,15.4,89.9,23.0,999.0
2021143N15090,2021,YAAS,2021-05-23 06:00:00,15.6,89.8,25.0,998.0
2021143N15090,2021,YAAS,2021-05-23 09:00:00,15.6,89.7,28.0,997.0
2021143N15090,2021,YAAS,2021-05-23 12:00:00,15.7,89.6,30.0,995.0
2021143N15090,2021,YAAS,2021-05-23 15:00:00,15.8,89.5,33.0,995.0
2021143N15090,2021,YAAS,2021-05-23 18:00:00,15.8,89.5,35.0,994.0
2021143N15090,2021,YAAS,2021-05-23 21:00:00,16.0,89.6,35.0,993.0
2021143N15090,2021,YAAS,2021-05-24 00:00:00,16.1,89.8,35.0,991.0
2021143N15090,2021,YAAS,2021-05-24 03:00:00,16.5,89.7,35.0,991.0
2021143N15090,2021,YAAS,2021-05-24 06:00:00,16.6,89.6,35.0,991.0
2021143N15090,2021,YAAS,2021-05-24 09:00:00,16.9,89.6,38.0,990.0
2021143N15090,2021,YAAS,2021-05-24 12:00:00,17.2,89.4,40.0,988.0
2021143N15090,2021,YAAS,2021-05-24 15:00:00,17.4,89.2,45.0,986.0
2021143N15090,2021,YAAS,2021-05-24 18:00:00,17.6,89.0,50.0,983.0
2021143N15090,2021,YAAS,2021-05-24 21:00:00,17.8,88.9,53.0,982.0
2021143N15090,2021,YAAS,2021-05-25 00:00:00,18.1,88.6,55.0,981.0
2021143N15090,2021,YAAS,2021-05-25 03:00:00,18.4,88.4,55.0,981.0
2021143N15090,2021,YAAS,2021-05-25 06:00:00,18.8,88.2,55.0,981.0
2021143N15090,2021,YAAS,2021-05-25 09:00:00,19.1,88.2,60.0,978.0
2021143N15090,2021,YAAS,2021-05-25 12:00:00,19.5,88.2,65.0,975.0
2021143N15090,2021,YAAS,2021-05-25 15:00:00,19.9,88.0,65.0,975.0
2021143N15090,2021,YAAS,2021-05-25 18:00:00,20.3,87.8,65.0,974.0
2021143N15090,2021,YAAS,2021-05-25 21:00:00,20.4,87.7,63.0,976.0
2021143N15090,2021,YAAS,2021-05-26 00:00:00,20.6,87.6,60.0,977.0
2021143N15090,2021,YAAS,2021-05-26 03:00:00,21.1,87.2,58.0,978.0
2021143N15090,2021,YAAS,2021-05-26 06:00:00,21.5,86.9,55.0,979.0
2021143N15090,2021,YAAS,2021-05-26 09:00:00,21.7,86.6,50.0,982.0
2021143N15090,2021,YAAS,2021-05-26 12:00:00,21.9,86.5,45.0,985.0
2021143N15090,2021,YAAS,2021-05-26 15:00:00,22.2,86.1,40.0,988.0
2021143N15090,2021,YAAS,2021-05-26 18:00:00,22.5,85.8,35.0,990.0
2021143N15090,2021,YAAS,2021-05-26 21:00:00,22.8,85.7,30.0,992.0
2021143N15090,2021,YAAS,2021-05-27 00:00:00,23.1,85.7,25.0,993.0
2021143N15090,2021,YAAS,2021-05-27 03:00:00,23.3,85.7,23.0,995.0
2021143N15090,2021,YAAS,2021-05-27 06:00:00,23.6,85.6,20.0,997.0
2021143N15090,2021,YAAS,2021-05-27 09:00:00,23.9,85.5,,
2021143N15090,2021,YAAS,2021-05-27 12:00:00,24.3,85.3,,
2021143N15090,2021,YAAS,2021-05-27 15:00:00,24.5,85.1,,
2021143N15090,2021,YAAS,2021-05-27 18:00:00,24.7,84.8,,
