storm_id,datetime_utc,max_wind_kt,central_pressure_hpa,pressure_drop_hpa,grade,wind_minus_6h_kt,delta_v_minus_6h_kt,wind_minus_12h_kt,delta_v_minus_12h_kt,wind_minus_24h_kt,delta_v_minus_24h_kt
2010-003,2010-05-31 06:00:00,25.0,1001.0,3.0,D,,,,,,
2010-003,2010-05-31 12:00:00,25.0,1001.0,3.0,D,25.0,0.0,,,,
2010-003,2010-05-31 18:00:00,25.0,999.0,4.0,D,25.0,0.0,25.0,0.0,,
2010-003,2010-06-01 00:00:00,30.0,998.0,5.0,DD,25.0,5.0,25.0,5.0,,
2010-003,2010-06-01 03:00:00,30.0,998.0,5.0,DD,,,,,,
2010-003,2010-06-01 06:00:00,30.0,996.0,5.0,DD,30.0,0.0,25.0,5.0,25.0,5.0
2010-003,2010-06-01 09:00:00,35.0,995.0,7.0,CS,30.0,5.0,,,,
2010-003,2010-06-01 12:00:00,35.0,994.0,7.0,CS,30.0,5.0,30.0,5.0,25.0,10.0
2010-003,2010-06-01 15:00:00,40.0,992.0,8.0,CS,35.0,5.0,30.0,10.0,,
2010-003,2010-06-01 18:00:00,45.0,990.0,10.0,CS,35.0,10.0,30.0,15.0,25.0,20.0
2010-003,2010-06-01 21:00:00,45.0,990.0,10.0,CS,40.0,5.0,35.0,10.0,,
2010-003,2010-06-02 00:00:00,55.0,986.0,15.0,SCS,45.0,10.0,35.0,20.0,30.0,25.0
2010-003,2010-06-02 03:00:00,60.0,984.0,18.0,SCS,45.0,15.0,40.0,20.0,30.0,30.0
2010-003,2010-06-02 06:00:00,70.0,978.0,24.0,VSCS,55.0,15.0,45.0,25.0,30.0,40.0
2010-003,2010-06-02 09:00:00,80.0,968.0,32.0,VSCS,60.0,20.0,45.0,35.0,35.0,45.0
2010-003,2010-06-02 12:00:00,85.0,964.0,36.0,VSCS,70.0,15.0,55.0,30.0,35.0,50.0
2010-003,2010-06-02 15:00:00,85.0,964.0,36.0,VSCS,80.0,5.0,60.0,25.0,40.0,45.0
2010-003,2010-06-02 18:00:00,85.0,966.0,36.0,VSCS,85.0,0.0,70.0,15.0,45.0,40.0
2010-003,2010-06-02 21:00:00,80.0,970.0,32.0,VSCS,85.0,-5.0,80.0,0.0,45.0,35.0
2010-003,2010-06-03 00:00:00,75.0,974.0,28.0,VSCS,85.0,-10.0,85.0,-10.0,55.0,20.0
2010-003,2010-06-03 03:00:00,75.0,974.0,28.0,VSCS,80.0,-5.0,85.0,-10.0,60.0,15.0
2010-003,2010-06-03 06:00:00,70.0,978.0,24.0,VSCS,75.0,-5.0,85.0,-15.0,70.0,0.0
2010-003,2010-06-03 09:00:00,70.0,978.0,24.0,VSCS,75.0,-5.0,80.0,-10.0,80.0,-10.0
2010-003,2010-06-03 12:00:00,70.0,978.0,24.0,VSCS,70.0,0.0,75.0,-5.0,85.0,-15.0
2010-003,2010-06-03 15:00:00,70.0,978.0,24.0,VSCS,70.0,0.0,75.0,-5.0,85.0,-15.0
2010-003,2010-06-03 18:00:00,65.0,980.0,22.0,VSCS,70.0,-5.0,70.0,-5.0,85.0,-20.0
2010-003,2010-06-03 21:00:00,65.0,980.0,22.0,VSCS,70.0,-5.0,70.0,-5.0,80.0,-15.0
2010-003,2010-06-04 00:00:00,65.0,980.0,22.0,VSCS,65.0,0.0,70.0,-5.0,75.0,-10.0
2010-003,2010-06-04 03:00:00,60.0,982.0,18.0,SCS,65.0,-5.0,70.0,-10.0,75.0,-15.0
2010-003,2010-06-04 06:00:00,60.0,984.0,18.0,SCS,65.0,-5.0,65.0,-5.0,70.0,-10.0
2010-003,2010-06-04 09:00:00,60.0,984.0,18.0,SCS,60.0,0.0,65.0,-5.0,70.0,-10.0
2010-003,2010-06-04 12:00:00,60.0,984.0,18.0,SCS,60.0,0.0,65.0,-5.0,70.0,-10.0
2010-003,2010-06-04 15:00:00,55.0,986.0,16.0,SCS,60.0,-5.0,60.0,-5.0,70.0,-15.0
2010-003,2010-06-04 18:00:00,55.0,988.0,14.0,SCS,60.0,-5.0,60.0,-5.0,65.0,-10.0
2010-003,2010-06-04 21:00:00,50.0,990.0,12.0,SCS,55.0,-5.0,60.0,-10.0,65.0,-15.0
2010-003,2010-06-05 00:00:00,45.0,990.0,10.0,CS,55.0,-10.0,60.0,-15.0,65.0,-20.0
2010-003,2010-06-05 03:00:00,40.0,992.0,8.0,CS,50.0,-10.0,55.0,-15.0,60.0,-20.0
2010-003,2010-06-05 06:00:00,40.0,992.0,8.0,CS,45.0,-5.0,55.0,-15.0,60.0,-20.0
2010-003,2010-06-05 09:00:00,40.0,992.0,8.0,CS,40.0,0.0,50.0,-10.0,60.0,-20.0
2010-003,2010-06-05 12:00:00,40.0,992.0,8.0,CS,40.0,0.0,45.0,-5.0,60.0,-20.0
2010-003,2010-06-05 15:00:00,35.0,994.0,7.0,CS,40.0,-5.0,40.0,-5.0,55.0,-20.0
2010-003,2010-06-05 18:00:00,30.0,994.0,5.0,DD,40.0,-10.0,40.0,-10.0,55.0,-25.0
2010-003,2010-06-06 00:00:00,30.0,994.0,5.0,DD,30.0,0.0,40.0,-10.0,45.0,-15.0
2010-003,2010-06-06 03:00:00,25.0,994.0,4.0,D,30.0,-5.0,35.0,-10.0,40.0,-15.0
2010-003,2010-06-06 06:00:00,25.0,994.0,4.0,D,30.0,-5.0,30.0,-5.0,40.0,-15.0
2014-007,2014-10-25 00:00:00,25.0,1004.0,3.0,D,,,,,,
2014-007,2014-10-25 03:00:00,25.0,1004.0,3.0,D,,,,,,
2014-007,2014-10-25 06:00:00,25.0,1004.0,3.0,D,25.0,0.0,,,,
2014-007,2014-10-25 12:00:00,25.0,1003.0,3.0,D,25.0,0.0,25.0,0.0,,
2014-007,2014-10-25 18:00:00,25.0,1003.0,3.0,D,25.0,0.0,25.0,0.0,,
2014-007,2014-10-26 00:00:00,25.0,1002.0,4.0,D,25.0,0.0,25.0,0.0,25.0,0.0
2014-007,2014-10-26 03:00:00,30.0,999.0,5.0,DD,,,,,25.0,5.0
2014-007,2014-10-26 06:00:00,35.0,998.0,6.0,CS,25.0,10.0,25.0,10.0,25.0,10.0
2014-007,2014-10-26 09:00:00,35.0,996.0,7.0,CS,30.0,5.0,,,,
2014-007,2014-10-26 12:00:00,40.0,994.0,8.0,CS,35.0,5.0,25.0,15.0,25.0,15.0
2014-007,2014-10-26 15:00:00,40.0,994.0,8.0,CS,35.0,5.0,30.0,10.0,,
2014-007,2014-10-26 18:00:00,45.0,994.0,10.0,CS,40.0,5.0,35.0,10.0,25.0,20.0
2014-007,2014-10-26 21:00:00,50.0,994.0,12.0,SCS,40.0,10.0,35.0,15.0,,
2014-007,2014-10-27 00:00:00,55.0,990.0,16.0,SCS,45.0,10.0,40.0,15.0,25.0,30.0
2014-007,2014-10-27 03:00:00,60.0,990.0,18.0,SCS,50.0,10.0,40.0,20.0,30.0,30.0
2014-007,2014-10-27 06:00:00,65.0,986.0,20.0,VSCS,55.0,10.0,45.0,20.0,35.0,30.0
2014-007,2014-10-27 09:00:00,65.0,984.0,22.0,VSCS,60.0,5.0,50.0,15.0,35.0,30.0
2014-007,2014-10-27 12:00:00,70.0,982.0,24.0,VSCS,65.0,5.0,55.0,15.0,40.0,30.0
2014-007,2014-10-27 15:00:00,70.0,981.0,25.0,VSCS,65.0,5.0,60.0,10.0,40.0,30.0
2014-007,2014-10-27 18:00:00,70.0,980.0,26.0,VSCS,70.0,0.0,65.0,5.0,45.0,25.0
2014-007,2014-10-27 21:00:00,75.0,979.0,27.0,VSCS,70.0,5.0,65.0,10.0,50.0,25.0
2014-007,2014-10-28 00:00:00,75.0,978.0,28.0,VSCS,70.0,5.0,70.0,5.0,55.0,20.0
2014-007,2014-10-28 03:00:00,75.0,977.0,29.0,VSCS,75.0,0.0,70.0,5.0,60.0,15.0
2014-007,2014-10-28 06:00:00,80.0,974.0,32.0,VSCS,75.0,5.0,70.0,10.0,65.0,15.0
2014-007,2014-10-28 09:00:00,90.0,966.0,40.0,ESCS,75.0,15.0,75.0,15.0,65.0,25.0
2014-007,2014-10-28 12:00:00,100.0,954.0,52.0,ESCS,80.0,20.0,75.0,25.0,70.0,30.0
2014-007,2014-10-28 15:00:00,105.0,952.0,54.0,ESCS,90.0,15.0,75.0,30.0,70.0,35.0
2014-007,2014-10-28 18:00:00,110.0,950.0,56.0,ESCS,100.0,10.0,80.0,30.0,70.0,40.0
2014-007,2014-10-28 21:00:00,110.0,950.0,56.0,ESCS,105.0,5.0,90.0,20.0,75.0,35.0
2014-007,2014-10-29 00:00:00,105.0,954.0,52.0,ESCS,110.0,-5.0,100.0,5.0,75.0,30.0
2014-007,2014-10-29 03:00:00,100.0,958.0,48.0,ESCS,110.0,-10.0,105.0,-5.0,75.0,25.0
2014-007,2014-10-29 06:00:00,95.0,962.0,44.0,ESCS,105.0,-10.0,110.0,-15.0,80.0,15.0
2014-007,2014-10-29 09:00:00,90.0,968.0,40.0,ESCS,100.0,-10.0,110.0,-20.0,90.0,0.0
2014-007,2014-10-29 12:00:00,80.0,974.0,32.0,VSCS,95.0,-15.0,105.0,-25.0,100.0,-20.0
2014-007,2014-10-29 18:00:00,70.0,986.0,24.0,VSCS,80.0,-10.0,95.0,-25.0,110.0,-40.0
2014-007,2014-10-29 21:00:00,60.0,988.0,20.0,SCS,70.0,-10.0,90.0,-30.0,110.0,-50.0
2014-007,2014-10-30 00:00:00,60.0,990.0,18.0,SCS,70.0,-10.0,80.0,-20.0,105.0,-45.0
2019-007,2019-10-24 03:00:00,25.0,1000.0,3.0,D,,,,,,
2019-007,2019-10-24 06:00:00,25.0,1000.0,3.0,D,,,,,,
2019-007,2019-10-24 12:00:00,30.0,998.0,5.0,DD,25.0,5.0,,,,
2019-007,2019-10-24 18:00:00,30.0,997.0,6.0,DD,30.0,0.0,25.0,5.0,,
2019-007,2019-10-25 00:00:00,40.0,996.0,8.0,CS,30.0,10.0,30.0,10.0,,
2019-007,2019-10-25 03:00:00,40.0,996.0,8.0,CS,,,,,25.0,15.0
2019-007,2019-10-25 06:00:00,45.0,994.0,10.0,CS,40.0,5.0,30.0,15.0,25.0,20.0
2019-007,2019-10-25 09:00:00,45.0,994.0,10.0,CS,40.0,5.0,,,,
2019-007,2019-10-25 12:00:00,50.0,992.0,12.0,SCS,45.0,5.0,40.0,10.0,30.0,20.0
2019-007,2019-10-25 15:00:00,55.0,991.0,15.0,SCS,45.0,10.0,40.0,15.0,,
2019-007,2019-10-25 18:00:00,55.0,990.0,16.0,SCS,50.0,5.0,45.0,10.0,30.0,25.0
2019-007,2019-10-25 21:00:00,60.0,988.0,18.0,SCS,55.0,5.0,45.0,15.0,,
2019-007,2019-10-26 00:00:00,65.0,984.0,22.0,VSCS,55.0,10.0,50.0,15.0,40.0,25.0
2019-007,2019-10-26 03:00:00,65.0,984.0,22.0,VSCS,60.0,5.0,55.0,10.0,40.0,25.0
2019-007,2019-10-26 06:00:00,75.0,978.0,28.0,VSCS,65.0,10.0,55.0,20.0,45.0,30.0
2019-007,2019-10-26 09:00:00,80.0,974.0,32.0,VSCS,65.0,15.0,60.0,20.0,45.0,35.0
2019-007,2019-10-26 12:00:00,85.0,970.0,36.0,VSCS,75.0,10.0,65.0,20.0,50.0,35.0
2019-007,2019-10-26 15:00:00,90.0,966.0,40.0,ESCS,80.0,10.0,65.0,25.0,55.0,35.0
2019-007,2019-10-26 18:00:00,105.0,950.0,56.0,ESCS,85.0,20.0,75.0,30.0,55.0,50.0
2019-007,2019-10-26 21:00:00,110.0,946.0,60.0,ESCS,90.0,20.0,80.0,30.0,60.0,50.0
2019-007,2019-10-27 00:00:00,120.0,934.0,72.0,SuCS,105.0,15.0,85.0,35.0,65.0,55.0
2019-007,2019-10-27 03:00:00,125.0,928.0,78.0,SuCS,110.0,15.0,90.0,35.0,65.0,60.0
2019-007,2019-10-27 06:00:00,125.0,928.0,78.0,SuCS,120.0,5.0,105.0,20.0,75.0,50.0
2019-007,2019-10-27 09:00:00,130.0,922.0,84.0,SuCS,125.0,5.0,110.0,20.0,80.0,50.0
2019-007,2019-10-27 12:00:00,130.0,922.0,84.0,SuCS,125.0,5.0,120.0,10.0,85.0,45.0
2019-007,2019-10-27 15:00:00,130.0,922.0,84.0,SuCS,130.0,0.0,125.0,5.0,90.0,40.0
2019-007,2019-10-27 18:00:00,130.0,922.0,84.0,SuCS,130.0,0.0,125.0,5.0,105.0,25.0
2019-007,2019-10-27 21:00:00,125.0,926.0,80.0,SuCS,130.0,-5.0,130.0,-5.0,110.0,15.0
2019-007,2019-10-28 00:00:00,125.0,928.0,78.0,SuCS,130.0,-5.0,130.0,-5.0,120.0,5.0
2019-007,2019-10-28 03:00:00,125.0,928.0,78.0,SuCS,125.0,0.0,130.0,-5.0,125.0,0.0
2019-007,2019-10-28 06:00:00,125.0,928.0,78.0,SuCS,125.0,0.0,130.0,-5.0,125.0,0.0
2019-007,2019-10-28 09:00:00,125.0,928.0,78.0,SuCS,125.0,0.0,125.0,0.0,130.0,-5.0
2019-007,2019-10-28 12:00:00,125.0,928.0,78.0,SuCS,125.0,0.0,125.0,0.0,130.0,-5.0
2019-007,2019-10-28 15:00:00,125.0,928.0,78.0,SuCS,125.0,0.0,125.0,0.0,130.0,-5.0
2019-007,2019-10-28 18:00:00,125.0,930.0,76.0,SuCS,125.0,0.0,125.0,0.0,130.0,-5.0
2019-007,2019-10-28 21:00:00,125.0,930.0,76.0,SuCS,125.0,0.0,125.0,0.0,125.0,0.0
2019-007,2019-10-29 00:00:00,120.0,934.0,72.0,SuCS,125.0,-5.0,125.0,-5.0,125.0,-5.0
2019-007,2019-10-29 03:00:00,115.0,940.0,66.0,ESCS,125.0,-10.0,125.0,-10.0,125.0,-10.0
2019-007,2019-10-29 06:00:00,110.0,946.0,60.0,ESCS,120.0,-10.0,125.0,-15.0,125.0,-15.0
2019-007,2019-10-29 09:00:00,105.0,950.0,56.0,ESCS,115.0,-10.0,125.0,-20.0,125.0,-20.0
2019-007,2019-10-29 12:00:00,100.0,956.0,50.0,ESCS,110.0,-10.0,120.0,-20.0,125.0,-25.0
2019-007,2019-10-29 15:00:00,100.0,956.0,50.0,ESCS,105.0,-5.0,115.0,-15.0,125.0,-25.0
2019-007,2019-10-29 18:00:00,95.0,960.0,46.0,ESCS,100.0,-5.0,110.0,-15.0,125.0,-30.0
2019-007,2019-10-29 21:00:00,90.0,966.0,40.0,ESCS,100.0,-10.0,105.0,-15.0,125.0,-35.0
2019-007,2019-10-30 00:00:00,85.0,970.0,36.0,VSCS,95.0,-10.0,100.0,-15.0,120.0,-35.0
2019-007,2019-10-30 03:00:00,80.0,974.0,32.0,VSCS,90.0,-10.0,100.0,-20.0,115.0,-35.0
2019-007,2019-10-30 06:00:00,75.0,978.0,28.0,VSCS,85.0,-10.0,95.0,-20.0,110.0,-35.0
2019-007,2019-10-30 09:00:00,70.0,982.0,24.0,VSCS,80.0,-10.0,90.0,-20.0,105.0,-35.0
2019-007,2019-10-30 12:00:00,65.0,984.0,22.0,VSCS,75.0,-10.0,85.0,-20.0,100.0,-35.0
2019-007,2019-10-30 15:00:00,60.0,988.0,18.0,SCS,70.0,-10.0,80.0,-20.0,100.0,-40.0
2019-007,2019-10-30 18:00:00,55.0,990.0,16.0,SCS,65.0,-10.0,75.0,-20.0,95.0,-40.0
2019-007,2019-10-30 21:00:00,55.0,991.0,15.0,SCS,60.0,-5.0,70.0,-15.0,90.0,-35.0
2019-007,2019-10-31 00:00:00,50.0,994.0,12.0,SCS,55.0,-5.0,65.0,-15.0,85.0,-35.0
2019-007,2019-10-31 03:00:00,45.0,996.0,10.0,CS,55.0,-10.0,60.0,-15.0,80.0,-35.0
2019-007,2019-10-31 06:00:00,40.0,998.0,8.0,CS,50.0,-10.0,55.0,-15.0,75.0,-35.0
2019-007,2019-10-31 09:00:00,40.0,998.0,8.0,CS,45.0,-5.0,55.0,-15.0,70.0,-30.0
2019-007,2019-10-31 12:00:00,35.0,999.0,7.0,CS,40.0,-5.0,50.0,-15.0,65.0,-30.0
2019-007,2019-10-31 15:00:00,30.0,1001.0,5.0,DD,40.0,-10.0,45.0,-15.0,60.0,-30.0
2019-007,2019-10-31 18:00:00,30.0,1001.0,5.0,DD,35.0,-5.0,40.0,-10.0,55.0,-25.0
2019-007,2019-10-31 21:00:00,30.0,1001.0,5.0,DD,30.0,0.0,40.0,-10.0,55.0,-25.0
2019-007,2019-11-01 00:00:00,25.0,1002.0,4.0,D,30.0,-5.0,35.0,-10.0,50.0,-25.0
2019-007,2019-11-01 03:00:00,25.0,1002.0,4.0,D,30.0,-5.0,30.0,-5.0,45.0,-20.0
2019-007,2019-11-01 06:00:00,25.0,1002.0,4.0,D,25.0,0.0,30.0,-5.0,40.0,-15.0
2019-007,2019-11-01 09:00:00,25.0,1002.0,4.0,D,25.0,0.0,30.0,-5.0,40.0,-15.0
2019-007,2019-11-01 12:00:00,25.0,1002.0,4.0,D,25.0,0.0,25.0,0.0,35.0,-10.0
2019-007,2019-11-01 15:00:00,25.0,1002.0,4.0,D,25.0,0.0,25.0,0.0,30.0,-5.0
