trial,max_depth,min_child_weight,learning_rate,subsample,colsample_bytree,scale_pos_weight,best_iteration,best_n_estimators,validation_roc_auc,validation_pr_auc,validation_brier,n_features
9,5,2,0.05,0.85,0.85,7.128205128205129,28,29,0.8455730954015099,0.5483437853336978,0.13612873440074613,98
6,4,2,0.05,0.85,0.85,7.128205128205129,18,19,0.8580988332189431,0.5370056650673362,0.1646372409976032,98
8,5,2,0.05,0.75,0.75,7.128205128205129,26,27,0.8435140700068634,0.5169939916182705,0.14113391033369066,98
2,3,2,0.05,0.75,0.75,7.128205128205129,25,26,0.8423129718599863,0.5057389656140554,0.1614346272786804,98
7,5,2,0.03,0.75,0.75,7.128205128205129,69,70,0.8433424845573095,0.5025954418028766,0.12258316135795541,98
1,3,2,0.03,0.75,0.75,7.128205128205129,66,67,0.8356211393273851,0.4994267499553887,0.14143436343832183,98
5,4,2,0.05,0.75,0.75,7.128205128205129,1,2,0.8493479752916953,0.4944814526895835,0.2353121069440299,98
4,4,2,0.03,0.75,0.75,7.128205128205129,1,2,0.8493479752916953,0.4944814526895835,0.241081002507529,98
3,3,2,0.05,0.85,0.85,7.128205128205129,67,68,0.8107412491420727,0.47985927001561535,0.12799749292189527,98
